Unnamed: 0,Date,Home,Away,OU,Spread,ML_Home,ML_Away,Points,Win_Margin,Days_Rest_Home,Days_Rest_Away,Home_Prob,Away_Prob,Home_Odds,Away_Odds,weekday,home_score,away_score,attendance,overtime,remarks,Home_Starter_MP,Home_Starter_FG,Home_Starter_FGA,Home_Starter_FG_PCT,Home_Starter_FG3,Home_Starter_FG3A,Home_Starter_FG3_PCT,Home_Starter_FT,Home_Starter_FTA,Home_Starter_FT_PCT,Home_Starter_ORB,Home_Starter_DRB,Home_Starter_TRB,Home_Starter_AST,Home_Starter_STL,Home_Starter_BLK,Home_Starter_TOV,Home_Starter_PF,Home_Starter_PTS,Home_Starter_PLUS_MINUS,Home_Reserve_MP,Home_Reserve_FG,Home_Reserve_FGA,Home_Reserve_FG_PCT,Home_Reserve_FG3,Home_Reserve_FG3A,Home_Reserve_FG3_PCT,Home_Reserve_FT,Home_Reserve_FTA,Home_Reserve_FT_PCT,Home_Reserve_ORB,Home_Reserve_DRB,Home_Reserve_TRB,Home_Reserve_AST,Home_Reserve_STL,Home_Reserve_BLK,Home_Reserve_TOV,Home_Reserve_PF,Home_Reserve_PTS,Home_Reserve_PLUS_MINUS,Away_Starter_MP,Away_Starter_FG,Away_Starter_FGA,Away_Starter_FG_PCT,Away_Starter_FG3,Away_Starter_FG3A,Away_Starter_FG3_PCT,Away_Starter_FT,Away_Starter_FTA,Away_Starter_FT_PCT,Away_Starter_ORB,Away_Starter_DRB,Away_Starter_TRB,Away_Starter_AST,Away_Starter_STL,Away_Starter_BLK,Away_Starter_TOV,Away_Starter_PF,Away_Starter_PTS,Away_Starter_PLUS_MINUS,Away_Reserve_MP,Away_Reserve_FG,Away_Reserve_FGA,Away_Reserve_FG_PCT,Away_Reserve_FG3,Away_Reserve_FG3A,Away_Reserve_FG3_PCT,Away_Reserve_FT,Away_Reserve_FTA,Away_Reserve_FT_PCT,Away_Reserve_ORB,Away_Reserve_DRB,Away_Reserve_TRB,Away_Reserve_AST,Away_Reserve_STL,Away_Reserve_BLK,Away_Reserve_TOV,Away_Reserve_PF,Away_Reserve_PTS,Away_Reserve_PLUS_MINUS
0,05-03,Boston Celtics,Milwaukee Bucks,219.5,1.5,-124,106,239,-7,3,3,0.8064516129032259,0.9433962264150942,1.24,1.06,Friday,116,123,19520,,,35.17666666666667,6.2,12.8,0.5227999999999999,2.4,6.0,0.4158,5.2,5.6,0.7333999999999999,1.2,5.8,7.0,3.6,1.6,0.6,2.6,4.2,20.0,-3.6,12.606666666666666,0.8,3.4,0.15,0.8,2.0,0.2334,0.8,0.8,0.2,0.0,1.8,1.8,1.2,0.2,0.0,0.8,1.2,3.2,-3.4,32.94,5.2,11.0,0.4875999999999999,1.6,4.8,0.2692,4.2,6.4,0.312,0.2,5.2,5.4,3.6,1.2,1.0,3.0,3.2,16.2,2.4,15.25,3.2,5.6,0.4076000000000001,1.4,2.6,0.4221999999999999,0.6,0.8,0.3,1.2,2.2,3.4,1.0,0.4,0.4,0.0,2.0,8.4,4.6
0,05-04,Houston Rockets,Golden State Warriors,221.5,3.0,-150,128,247,5,4,4,0.6666666666666666,0.78125,1.5,1.28,Saturday,126,121,19520,OT,,40.66666666666666,7.6,15.6,0.4976000000000001,2.6,6.2,0.227,3.2,4.2,0.7166,2.6,5.8,8.4,3.8,0.8,1.0,2.2,3.2,21.0,-0.8,14.995833333333332,1.75,3.75,0.525,1.25,2.75,0.275,0.5,1.25,0.20825,1.0,2.25,3.25,0.25,0.0,0.25,0.5,2.0,5.25,7.25,45.13999999999999,7.8,17.8,0.4796,2.8,6.2,0.481,4.4,5.4,0.7166,1.2,4.8,6.0,5.0,1.2,1.0,1.4,2.8,22.8,-1.0,7.523333333333333,0.6,1.2,0.4666,0.0,0.4,0.0,0.2,0.4,0.1,0.2,0.8,1.0,0.4,0.0,0.2,0.2,1.6,1.4,-4.0
0,05-05,Philadelphia 76ers,Toronto Raptors,214.5,2.0,-128,110,197,-5,3,3,0.78125,0.9090909090909092,1.28,1.1,Sunday,96,101,19520,,,38.42999999999999,5.8,13.4,0.4514,1.8,5.6,0.2307999999999999,3.6,5.0,0.5,1.4,5.2,6.6,4.2,1.4,0.8,2.0,2.8,17.0,0.2,12.454166666666666,1.0,3.75,0.15625,0.75,2.5,0.10725,0.0,0.0,0.0,1.0,1.5,2.5,0.25,0.25,0.5,0.5,2.25,2.75,-6.5,38.633333333333326,5.8,12.0,0.42,2.0,5.4,0.3332,4.2,5.2,0.5,1.0,5.4,6.4,3.4,1.0,0.0,2.6,4.0,17.8,7.0,11.691666666666666,1.5,4.0,0.125,0.0,1.0,0.0,0.0,0.0,0.0,0.75,2.0,2.75,0.5,0.25,0.75,0.0,1.0,3.0,-2.5
0,05-05,Portland Trail Blazers,Denver Nuggets,210.0,3.0,-148,126,228,-4,2,2,0.6756756756756757,0.7936507936507936,1.48,1.26,Sunday,112,116,19520,,,31.516666666666666,5.6,12.4,0.4218,1.4,4.2,0.2072,4.4,5.6,0.7834,2.0,4.2,6.2,2.0,0.8,0.6,2.0,3.0,17.0,-11.2,20.33333333333333,2.75,5.0,0.45425,1.25,1.75,0.41675,0.0,0.0,0.0,0.5,2.5,3.0,2.0,0.0,0.5,1.0,3.0,6.75,9.0,34.36333333333333,6.2,12.6,0.4624,1.4,3.0,0.5192,4.8,5.0,0.775,2.4,4.2,6.6,3.0,0.8,0.6,1.4,3.4,18.6,11.0,17.02916666666667,2.25,7.25,0.36325,1.0,2.5,0.21875,0.25,0.75,0.25,1.25,1.75,3.0,1.5,0.75,0.25,0.25,1.25,5.75,-8.75
0,05-06,Boston Celtics,Milwaukee Bucks,219.5,1.5,-120,102,214,-12,3,3,0.8333333333333334,0.9803921568627452,1.2,1.02,Monday,101,113,19520,,,36.39666666666667,6.2,14.6,0.4404,1.6,5.8,0.2736,4.8,6.0,0.865,1.6,7.0,8.6,4.6,0.6,0.6,1.4,3.6,18.8,-5.6,11.386666666666668,0.6,3.4,0.1086,0.2,2.4,0.0285999999999999,0.0,0.0,0.0,0.2,1.4,1.6,0.4,0.2,0.4,0.8,0.4,1.4,-6.4,30.906666666666663,6.2,14.0,0.4244,1.2,5.6,0.21,2.6,4.0,0.5065999999999999,1.8,5.2,7.0,2.8,0.6,0.8,1.6,3.4,16.2,1.6,14.233333333333334,2.1666666666666665,5.0,0.2733333333333334,0.3333333333333333,1.5,0.1388333333333333,0.6666666666666666,0.8333333333333334,0.2778333333333333,0.3333333333333333,3.1666666666666665,3.5,1.8333333333333333,0.3333333333333333,0.1666666666666666,0.0,1.3333333333333333,5.333333333333333,8.666666666666666
0,05-06,Houston Rockets,Golden State Warriors,220.0,1.0,-108,-108,220,4,2,2,0.9259259259259258,0.9259259259259258,1.08,1.08,Monday,112,108,19520,,,35.583333333333336,6.4,14.6,0.483,2.6,8.2,0.2706,3.4,4.4,0.7,2.6,5.6,8.2,3.0,0.8,1.0,2.0,3.2,18.8,5.4,14.995833333333334,1.75,4.0,0.35,1.0,2.25,0.35,0.0,0.5,0.0,0.0,2.25,2.25,0.75,0.5,0.25,0.75,1.75,4.5,-1.75,38.836666666666666,7.6,16.4,0.4472,1.6,6.2,0.2072,2.6,3.8,0.48,1.2,6.0,7.2,4.4,1.0,0.4,2.0,3.6,19.4,-4.0,9.353333333333332,0.8,1.6,0.35,0.0,0.4,0.0,0.6,0.8,0.15,0.4,1.0,1.4,0.4,0.2,0.0,0.2,0.6,2.2,0.0
0,05-07,Toronto Raptors,Philadelphia 76ers,211.5,6.0,-250,210,214,36,2,2,0.4,0.4761904761904761,2.5,2.1,Tuesday,125,89,19520,,,33.14333333333334,5.6,11.6,0.5308,2.4,5.6,0.4,5.0,5.6,0.73,0.8,6.6,7.4,3.0,2.0,0.4,1.2,2.4,18.6,23.0,9.15,1.5,3.0,0.496375,0.5,1.5,0.3125,0.5,0.625,0.208375,0.25,0.375,0.625,0.875,0.25,0.0,0.5,0.75,4.0,8.125,30.5,4.2,9.8,0.4284,0.8,2.8,0.1998,2.8,3.2,0.6818,0.2,4.6,4.8,3.2,0.8,1.0,3.2,2.8,12.0,-19.2,10.547916666666666,1.5,3.75,0.391625,0.25,1.25,0.125,0.375,0.5,0.1875,0.5,1.125,1.625,0.375,0.25,0.0,0.375,1.5,3.625,-10.5
0,05-07,Denver Nuggets,Portland Trail Blazers,212.5,5.0,-215,178,222,26,2,2,0.4651162790697674,0.5617977528089888,2.15,1.7799999999999998,Tuesday,124,98,19520,,,32.33,6.8,13.8,0.4879999999999999,0.8,3.0,0.2734,3.8,4.4,0.9,1.8,7.4,9.2,4.0,0.8,0.6,0.8,2.6,18.2,22.6,12.708333333333334,1.6666666666666667,3.5,0.4305,0.6666666666666666,1.5,0.2333333333333333,1.5,1.5,0.6666666666666666,0.1666666666666666,2.5,2.6666666666666665,1.0,0.0,0.1666666666666666,0.5,1.5,5.5,2.833333333333333,24.60333333333333,3.8,11.4,0.3512,1.0,3.6,0.191,1.2,2.4,0.38,1.2,3.4,4.6,2.4,0.6,0.8,1.0,2.4,9.8,-20.6,14.4875,2.125,5.125,0.29425,0.625,2.375,0.129125,1.25,2.25,0.38125,0.875,1.75,2.625,0.875,0.25,0.25,0.125,1.375,6.125,-3.375
0,05-08,Milwaukee Bucks,Boston Celtics,220.0,9.0,-410,320,207,25,2,2,0.2439024390243902,0.3125,4.1,3.2,Wednesday,116,91,19520,,,27.856666666666666,4.6,12.0,0.3408,1.2,5.6,0.1966,3.0,3.2,0.76,1.2,5.4,6.6,3.8,1.2,0.8,2.0,2.4,13.4,21.0,14.233333333333334,2.7142857142857144,4.857142857142857,0.4565714285714285,1.2857142857142858,2.7142857142857144,0.3928571428571428,0.2857142857142857,0.8571428571428571,0.1428571428571428,0.5714285714285714,2.7142857142857144,3.2857142857142856,1.1428571428571428,0.2857142857142857,0.4285714285714285,0.5714285714285714,1.5714285714285714,7.0,2.857142857142857,26.636666666666667,3.2,10.8,0.2454,0.6,4.2,0.1352,3.0,3.4,0.5556,0.4,4.2,4.6,1.8,0.8,0.2,2.0,1.8,10.0,-17.8,13.343749999999998,1.625,4.875,0.3123749999999999,0.5,2.25,0.129125,1.375,2.125,0.308375,1.25,2.125,3.375,1.25,0.375,0.0,0.5,1.125,5.125,-4.5
0,05-08,Golden State Warriors,Houston Rockets,219.5,6.0,-270,225,203,5,2,2,0.3703703703703703,0.4444444444444444,2.7,2.25,Wednesday,104,99,19520,,,38.83666666666666,7.2,15.6,0.4631999999999999,2.4,6.8,0.3117999999999999,1.8,2.4,0.42,1.2,5.0,6.2,5.2,1.0,0.0,2.6,2.8,18.6,4.4,9.15,0.6,1.4,0.2666,0.2,0.6,0.0666,0.8,1.2,0.25,1.2,1.0,2.2,0.4,0.2,0.2,0.4,1.0,2.2,0.6,38.63333333333333,5.2,12.6,0.4104,1.8,6.0,0.2466,3.8,4.4,0.5266,1.6,5.6,7.2,3.4,1.8,0.6,2.8,3.0,16.0,2.4,11.691666666666666,1.75,4.0,0.4345,0.75,2.75,0.125,0.5,0.5,0.25,0.0,0.75,0.75,0.5,0.25,0.0,0.25,1.25,4.75,-9.25
0,05-09,Philadelphia 76ers,Toronto Raptors,211.5,-1.5,102,-120,213,11,2,2,0.9803921568627452,0.8333333333333334,1.02,1.2,Thursday,112,101,19520,,,34.56666666666667,6.6,14.6,0.4532,1.4,4.4,0.2434,3.4,4.4,0.6428,2.2,5.0,7.2,4.2,0.8,0.4,2.0,3.2,18.0,12.6,9.295238095238094,1.1428571428571428,2.2857142857142856,0.2571428571428572,0.4285714285714285,0.8571428571428571,0.1071428571428571,0.4285714285714285,0.5714285714285714,0.2142857142857142,0.7142857142857143,1.5714285714285714,2.2857142857142856,0.8571428571428571,0.1428571428571428,0.1428571428571428,1.1428571428571428,0.8571428571428571,3.142857142857143,-1.1428571428571428,36.39666666666667,5.4,12.6,0.406,1.4,5.6,0.2024,3.4,4.2,0.5668,1.6,4.2,5.8,3.8,1.2,0.4,2.2,3.0,15.6,-13.0,9.319444444444445,1.3333333333333333,3.0,0.4111666666666667,0.3333333333333333,1.3333333333333333,0.25,0.8333333333333334,1.3333333333333333,0.2916666666666667,0.1666666666666666,0.6666666666666666,0.8333333333333334,1.0,0.5,0.3333333333333333,0.1666666666666666,1.5,3.8333333333333335,1.6666666666666667
0,05-09,Portland Trail Blazers,Denver Nuggets,214.0,3.5,-156,132,227,11,2,2,0.641025641025641,0.7575757575757576,1.56,1.32,Thursday,119,108,19520,,,28.06,5.6,13.2,0.36,2.0,4.8,0.2496,2.2,3.2,0.55,2.0,3.6,5.6,2.0,0.6,0.0,1.4,2.4,15.4,-1.2,24.90833333333333,3.25,5.75,0.375,1.25,2.25,0.39575,2.75,3.5,0.41675,0.25,3.5,3.75,2.0,0.25,1.25,0.5,2.0,10.5,15.25,37.82,5.8,13.6,0.4438,2.2,4.8,0.475,5.2,5.6,0.75,2.0,5.0,7.0,3.8,1.4,0.6,1.2,3.6,19.0,-2.0,12.454166666666666,1.0,4.5,0.34375,0.25,2.0,0.0625,1.0,1.0,0.5,1.5,0.75,2.25,0.75,0.0,0.0,0.0,1.25,3.25,-11.25
0,05-10,Houston Rockets,Golden State Warriors,215.5,7.0,-290,240,231,-5,2,2,0.3448275862068966,0.4166666666666667,2.9,2.4,Friday,113,118,19520,,,38.023333333333326,7.2,14.6,0.4998,2.6,5.8,0.38,2.2,3.2,0.5166000000000001,2.0,4.8,6.8,3.6,1.4,0.0,2.6,3.4,19.2,-9.0,12.2,1.5,4.0,0.4305,1.0,2.5,0.23825,0.25,0.25,0.25,0.5,1.0,1.5,0.75,0.5,0.25,0.5,1.25,4.25,5.0,32.12666666666667,5.8,12.2,0.3878,3.2,6.8,0.3054,2.2,3.0,0.2,0.6,3.8,4.4,3.4,1.4,0.8,3.0,2.4,17.0,3.4,12.877777777777776,2.1666666666666665,4.0,0.4083333333333334,0.0,0.6666666666666666,0.0,1.1666666666666667,1.3333333333333333,0.4583333333333333,1.1666666666666667,1.0,2.1666666666666665,1.3333333333333333,0.3333333333333333,0.5,0.3333333333333333,1.1666666666666667,5.5,1.3333333333333333
0,05-12,Denver Nuggets,Portland Trail Blazers,213.5,5.5,-225,186,196,-4,3,3,0.4444444444444444,0.5376344086021505,2.25,1.86,Sunday,96,100,19520,,,36.80333333333333,5.4,14.6,0.3823999999999999,0.4,3.0,0.0666,4.6,5.8,0.7362,2.2,5.8,8.0,2.6,0.0,1.4,1.0,3.0,15.8,-0.4,13.725,1.5,4.0,0.2775,0.0,1.0,0.0,1.25,2.5,0.25,0.5,2.25,2.75,0.5,0.25,0.5,0.0,2.0,4.25,-4.5,30.906666666666663,6.0,13.6,0.4148,0.6,3.2,0.111,1.6,2.2,0.4666,1.8,6.2,8.0,2.6,1.0,0.4,0.6,2.6,14.2,0.0,17.08,1.6,5.0,0.269,0.2,2.0,0.0666,2.4,2.6,0.5778000000000001,0.6,2.4,3.0,0.6,0.0,1.0,0.2,3.6,5.8,4.0
0,05-12,Toronto Raptors,Philadelphia 76ers,209.0,6.0,-260,210,182,2,3,3,0.3846153846153846,0.4761904761904761,2.6,2.1,Sunday,92,90,19520,,,39.44666666666667,5.6,14.8,0.358,0.8,4.6,0.123,2.2,2.6,0.525,2.2,5.8,8.0,2.4,1.6,0.8,1.4,2.8,14.2,-4.4,22.366666666666667,3.0,7.5,0.3,1.5,3.5,0.3,3.0,3.0,1.0,2.5,2.0,4.5,1.5,1.0,0.0,1.5,4.0,10.5,16.0,42.90333333333333,5.0,11.4,0.5002000000000001,1.6,5.0,0.2468,4.8,5.6,0.8610000000000001,0.8,6.6,7.4,3.2,0.8,1.4,2.6,3.4,16.4,3.8,8.472222222222221,1.0,2.6666666666666665,0.2776666666666667,0.3333333333333333,0.6666666666666666,0.3333333333333333,0.3333333333333333,0.6666666666666666,0.1666666666666666,0.3333333333333333,1.0,1.3333333333333333,0.0,0.0,0.0,0.6666666666666666,1.3333333333333333,2.6666666666666665,-9.666666666666666
0,05-14,Golden State Warriors,Portland Trail Blazers,221.0,7.5,-320,260,210,22,4,2,0.3125,0.3846153846153846,3.2,2.6,Tuesday,116,94,19520,,,29.28,6.0,12.4,0.6122,2.6,5.6,0.2532,1.4,1.6,0.5,1.2,3.6,4.8,4.2,2.0,1.4,2.2,3.0,16.0,12.0,11.183333333333334,1.5,2.75,0.5125,0.5,0.625,0.333375,1.0,1.25,0.5,0.625,1.625,2.25,1.125,0.375,0.125,0.375,1.125,4.5,6.25,30.296666666666663,4.6,11.0,0.4122,0.8,3.0,0.17,3.2,3.6,0.8333999999999999,2.0,4.4,6.4,2.6,0.4,0.6,3.4,1.8,13.2,-11.8,12.345238095238091,1.0,4.0,0.1394285714285714,0.4285714285714285,1.8571428571428568,0.0928571428571428,1.5714285714285714,1.8571428571428568,0.2381428571428571,0.8571428571428571,1.2857142857142858,2.142857142857143,1.1428571428571428,0.4285714285714285,0.2857142857142857,0.5714285714285714,1.0,4.0,-7.285714285714286
0,05-15,Milwaukee Bucks,Toronto Raptors,217.5,6.5,-280,230,208,8,7,3,0.3571428571428571,0.4347826086956522,2.8,2.3,Wednesday,108,100,19520,,,32.12666666666667,5.8,14.0,0.3849999999999999,1.4,6.4,0.2062,4.2,5.0,0.85,2.4,7.0,9.4,2.8,0.8,1.6,2.2,2.0,17.2,4.2,19.570833333333333,2.0,5.75,0.264,1.0,3.0,0.1875,0.5,0.5,0.25,0.75,2.5,3.25,1.75,1.0,0.75,0.25,1.5,5.5,4.75,40.260000000000005,5.8,15.4,0.3468,2.6,6.8,0.3472,3.4,4.0,0.6,1.4,6.8,8.2,2.8,1.4,0.6,2.4,3.2,17.6,-1.4,13.216666666666669,1.6666666666666667,5.0,0.3276666666666667,0.6666666666666666,2.6666666666666665,0.1666666666666666,0.0,0.0,0.0,0.3333333333333333,1.3333333333333333,1.6666666666666667,1.0,0.6666666666666666,0.3333333333333333,0.0,1.6666666666666667,4.0,-11.0
0,05-16,Golden State Warriors,Portland Trail Blazers,219.0,7.0,-310,250,225,3,2,2,0.3225806451612903,0.4,3.1,2.5,Thursday,114,111,19520,,,29.48333333333333,5.8,12.4,0.3727999999999999,1.6,5.2,0.1572,3.0,3.6,0.4,0.6,4.8,5.4,4.4,0.2,1.2,2.8,2.4,16.2,4.6,12.92619047619048,1.8571428571428568,2.857142857142857,0.5815714285714285,0.1428571428571428,0.4285714285714285,0.1428571428571428,0.8571428571428571,1.2857142857142858,0.2738571428571428,1.2857142857142858,2.0,3.2857142857142856,1.1428571428571428,0.4285714285714285,0.4285714285714285,0.2857142857142857,1.2857142857142858,4.714285714285714,-1.1428571428571428,28.46666666666666,4.8,11.4,0.4758,2.2,4.8,0.4357999999999999,2.2,2.4,0.7714000000000001,1.4,3.2,4.6,3.6,0.8,0.2,1.8,2.0,14.0,-4.4,19.520000000000003,2.8,5.8,0.377,1.4,3.0,0.2608,1.2,1.2,0.6,0.6,2.2,2.8,1.0,0.8,0.0,0.8,2.4,8.2,1.4
0,05-17,Milwaukee Bucks,Toronto Raptors,219.0,6.5,-280,225,228,22,2,2,0.3571428571428571,0.4444444444444444,2.8,2.25,Friday,125,103,19520,,,28.26333333333333,4.8,11.0,0.4136,1.2,4.6,0.2806,3.4,4.6,0.5599999999999999,1.2,5.4,6.6,3.2,0.2,0.6,1.0,3.2,14.2,9.4,11.945833333333333,2.375,4.625,0.303375,0.875,2.25,0.216625,1.125,1.5,0.5625,0.625,1.875,2.5,1.375,0.625,0.125,0.25,1.25,6.75,7.875,28.46666666666667,4.2,11.0,0.3504,1.0,4.2,0.1944,3.4,4.0,0.525,0.8,3.6,4.4,1.8,0.4,0.6,1.2,3.2,12.8,-16.8,11.691666666666666,2.0,4.0,0.32225,0.625,1.375,0.3125,0.25,0.625,0.125,0.25,2.0,2.25,1.25,0.125,0.375,0.875,1.75,4.875,-3.25
0,05-18,Portland Trail Blazers,Golden State Warriors,221.5,2.5,-136,116,209,-11,2,2,0.7352941176470588,0.8620689655172414,1.36,1.16,Saturday,99,110,19520,,,29.48333333333333,4.2,11.4,0.4056,1.6,5.6,0.1924,3.2,5.0,0.5666,0.4,4.0,4.4,3.8,1.2,0.4,1.4,2.6,13.2,-7.8,18.50333333333333,2.6,5.6,0.4522,0.6,1.4,0.45,0.8,1.6,0.4,1.6,2.2,3.8,0.6,0.6,0.2,0.8,2.0,6.6,-3.2,27.24666666666667,5.2,12.6,0.3046,1.4,5.0,0.1149999999999999,3.6,4.2,0.489,0.4,5.4,5.8,4.4,1.4,0.6,2.2,2.8,15.4,4.8,14.523809523809522,2.142857142857143,3.0,0.6167142857142858,0.1428571428571428,0.1428571428571428,0.1428571428571428,0.2857142857142857,0.2857142857142857,0.1428571428571428,0.7142857142857143,2.142857142857143,2.857142857142857,0.7142857142857143,0.2857142857142857,0.2857142857142857,0.2857142857142857,1.4285714285714286,4.714285714285714,4.428571428571429
0,05-19,Toronto Raptors,Milwaukee Bucks,219.0,2.0,-126,108,230,6,2,2,0.7936507936507936,0.9259259259259258,1.26,1.08,Sunday,118,112,19520,2OT,,43.10666666666667,6.0,13.8,0.4244,2.4,5.8,0.4134,3.8,4.8,0.4958,1.0,7.4,8.4,3.8,1.8,1.6,2.4,3.4,18.2,7.8,18.554166666666667,2.5,8.25,0.21275,1.25,4.0,0.2645,0.5,0.5,0.25,0.75,2.5,3.25,2.25,0.5,0.5,1.25,3.25,6.75,-2.25,38.633333333333326,3.8,13.8,0.2924,1.2,5.8,0.1812,2.8,4.6,0.6906,1.8,7.6,9.4,3.2,2.0,0.8,3.4,4.4,11.6,-7.0,24.145833333333336,4.75,8.25,0.62475,2.0,3.75,0.53125,2.0,2.5,0.34375,1.0,3.0,4.0,1.5,1.0,0.25,0.75,2.0,13.5,1.25
0,05-20,Portland Trail Blazers,Golden State Warriors,219.0,-2.5,116,-136,236,-2,2,2,0.8620689655172414,0.7352941176470588,1.16,1.36,Monday,117,119,19520,OT,,31.11,7.0,13.4,0.466,2.8,6.2,0.3028,1.0,1.6,0.5666,0.6,4.0,4.6,4.8,0.4,0.8,1.6,1.4,17.8,-1.0,21.96,2.4,6.2,0.3687999999999999,0.4,2.0,0.1,0.4,0.4,0.4,0.6,2.4,3.0,1.4,0.6,0.4,0.8,1.6,5.6,-1.0,35.78666666666666,6.6,15.2,0.4655999999999999,2.4,6.8,0.2542,2.6,3.4,0.5278,1.2,5.8,7.0,5.2,1.4,0.6,2.4,2.0,18.2,-2.4,14.233333333333334,2.1666666666666665,3.8333333333333335,0.4634999999999999,0.0,0.8333333333333334,0.0,0.3333333333333333,0.3333333333333333,0.1666666666666666,1.5,2.0,3.5,0.6666666666666666,0.5,0.3333333333333333,0.5,1.1666666666666667,4.666666666666667,3.6666666666666665
0,05-21,Toronto Raptors,Milwaukee Bucks,217.0,-3.0,138,-162,222,18,2,2,0.7246376811594204,0.6172839506172839,1.38,1.62,Tuesday,120,102,19520,,,29.48333333333333,4.6,9.2,0.4904,1.4,4.0,0.2524,3.8,4.2,0.75,1.2,3.2,4.4,4.2,1.2,1.0,1.2,3.4,14.4,7.0,11.691666666666665,2.25,5.125,0.2186249999999999,0.875,2.625,0.1635,0.625,0.75,0.208375,0.5,2.25,2.75,1.375,0.375,0.0,0.625,0.75,6.0,6.875,28.26333333333333,5.8,10.8,0.5096,1.8,4.6,0.3641999999999999,2.4,3.8,0.48,0.8,3.6,4.4,3.8,0.6,0.8,1.8,2.8,15.8,-11.0,12.072916666666666,1.0,3.25,0.254,0.25,1.5,0.104125,0.625,0.875,0.3125,0.375,1.875,2.25,1.375,0.625,0.375,0.375,1.0,2.875,-4.375
0,05-23,Milwaukee Bucks,Toronto Raptors,215.5,7.0,-310,250,204,-6,2,2,0.3225806451612903,0.4,3.1,2.5,Thursday,99,105,19520,,,35.17666666666666,6.4,14.0,0.441,1.4,4.4,0.3072,2.6,3.6,0.6888,1.4,6.4,7.8,4.8,0.4,0.2,2.2,3.8,16.8,4.8,12.81,1.2,2.8,0.325,0.6,1.8,0.3,0.0,0.0,0.0,0.2,2.6,2.8,0.4,0.0,0.2,0.0,0.6,3.0,-10.8,31.92333333333333,4.2,12.0,0.2608,2.0,6.0,0.2822,3.6,4.2,0.6528,1.8,5.0,6.8,3.4,1.0,0.8,1.0,2.8,14.0,-2.0,26.772222222222226,3.333333333333333,8.0,0.358,2.6666666666666665,4.333333333333333,0.3426666666666667,2.333333333333333,3.333333333333333,0.5,0.3333333333333333,3.333333333333333,3.6666666666666665,0.6666666666666666,0.3333333333333333,0.0,0.3333333333333333,0.6666666666666666,11.666666666666666,13.333333333333334
0,05-25,Toronto Raptors,Milwaukee Bucks,214.0,1.0,-112,-104,194,6,2,2,0.8928571428571428,0.9615384615384616,1.12,1.04,Saturday,100,94,19520,,,33.14333333333333,4.8,11.2,0.4176,1.4,4.2,0.4416,2.6,3.4,0.4953999999999999,1.2,5.0,6.2,3.6,1.4,0.8,1.8,3.4,13.6,1.8,24.73888888888889,4.0,6.0,0.6679999999999998,1.6666666666666667,2.0,0.6,1.0,1.6666666666666667,0.389,0.0,2.333333333333333,2.333333333333333,0.6666666666666666,0.0,0.0,0.3333333333333333,2.333333333333333,10.666666666666666,7.0,35.58333333333333,4.6,11.6,0.4048,1.8,4.8,0.3266,3.2,4.6,0.5778000000000001,1.6,4.8,6.4,2.8,0.8,1.2,2.0,2.8,14.2,-5.4,21.01111111111111,2.333333333333333,5.666666666666667,0.2763333333333333,1.0,3.333333333333333,0.2,2.0,2.6666666666666665,0.4443333333333333,1.3333333333333333,2.0,3.333333333333333,1.6666666666666667,1.0,0.3333333333333333,0.3333333333333333,2.6666666666666665,7.666666666666667,-1.0
0,05-30,Toronto Raptors,Golden State Warriors,212.5,1.5,-120,102,227,9,5,10,0.8333333333333334,0.9803921568627452,1.2,1.02,Thursday,118,109,19520,,,35.78666666666666,6.2,11.8,0.4894,2.2,5.0,0.4591999999999999,4.0,4.4,0.7666000000000001,1.0,5.2,6.2,4.2,1.2,1.0,1.4,3.6,18.6,7.2,15.25,2.0,4.5,0.35275,0.5,2.0,0.3125,1.75,2.5,0.54175,0.5,0.75,1.25,1.0,0.0,0.25,0.75,2.0,6.25,2.25,32.33,4.4,10.6,0.4131999999999999,1.4,4.2,0.1888,4.4,4.4,0.6,1.2,4.6,5.8,4.8,0.4,0.2,2.6,3.0,14.6,-7.8,11.183333333333334,1.7142857142857142,3.571428571428572,0.3761428571428571,0.7142857142857143,1.4285714285714286,0.262,1.0,1.2857142857142858,0.4642857142857143,0.4285714285714285,0.8571428571428571,1.2857142857142858,0.7142857142857143,0.5714285714285714,0.1428571428571428,0.4285714285714285,1.7142857142857142,5.142857142857143,-0.8571428571428571
0,06-02,Toronto Raptors,Golden State Warriors,213.0,2.0,-132,112,213,-5,3,3,0.7575757575757576,0.8928571428571428,1.32,1.12,Sunday,104,109,20014,,,32.736666666666665,4.4,12.6,0.3514,1.4,5.2,0.2102,4.4,5.0,0.6334,2.0,4.8,6.8,2.6,0.4,0.4,2.4,3.4,14.6,-8.8,25.416666666666668,4.333333333333333,10.333333333333334,0.4233333333333333,1.3333333333333333,4.0,0.5276666666666666,0.3333333333333333,0.3333333333333333,0.3333333333333333,1.6666666666666667,3.333333333333333,5.0,1.3333333333333333,2.0,0.0,1.0,1.6666666666666667,10.333333333333334,6.333333333333333,33.95666666666666,5.6,12.4,0.4382,2.0,5.0,0.36,3.6,4.2,0.6444000000000001,0.8,6.4,7.2,6.0,1.4,0.8,2.4,3.0,16.8,9.8,8.768749999999999,1.25,2.5,0.322875,0.375,1.125,0.075,0.25,0.25,0.125,0.25,0.5,0.75,0.5,0.0,0.125,0.375,1.375,3.125,-3.0
0,06-05,Golden State Warriors,Toronto Raptors,213.5,4.0,-194,164,232,-14,3,3,0.5154639175257733,0.6097560975609756,1.94,1.64,Wednesday,109,123,20014,,,30.296666666666663,5.2,12.8,0.3548,2.0,5.4,0.219,4.2,4.8,0.8192,1.2,4.0,5.2,3.6,1.2,0.0,2.0,1.8,16.6,-11.6,12.345238095238091,1.4285714285714286,3.857142857142857,0.3729999999999999,0.2857142857142857,1.2857142857142858,0.0951428571428571,0.5714285714285714,0.8571428571428571,0.25,1.0,1.1428571428571428,2.142857142857143,1.0,0.2857142857142857,0.4285714285714285,0.5714285714285714,1.7142857142857142,3.7142857142857135,-1.7142857142857142,34.97333333333333,7.4,14.0,0.5347999999999999,2.8,6.4,0.3478,3.6,3.8,0.7817999999999999,0.6,5.8,6.4,5.2,0.8,0.8,2.4,3.0,21.2,13.4,9.004761904761905,0.8571428571428571,1.7142857142857142,0.1428571428571428,0.4285714285714285,0.8571428571428571,0.0714285714285714,0.2857142857142857,0.2857142857142857,0.1428571428571428,0.2857142857142857,0.8571428571428571,1.1428571428571428,0.5714285714285714,0.7142857142857143,0.8571428571428571,0.2857142857142857,1.0,2.4285714285714284,0.4285714285714285
0,06-07,Golden State Warriors,Toronto Raptors,215.0,5.0,-215,180,197,-13,2,2,0.4651162790697674,0.5555555555555556,2.15,1.7999999999999998,Friday,92,105,20014,,,35.58333333333333,5.4,11.6,0.4373999999999999,1.6,4.6,0.1644,2.4,3.0,0.475,0.4,4.4,4.8,4.8,1.0,1.2,2.8,3.2,14.8,-7.8,11.996666666666666,1.6,4.0,0.3084,0.0,0.8,0.0,0.4,1.2,0.2,1.2,2.4,3.6,0.4,0.2,0.0,0.6,1.4,3.6,-5.2,35.38,4.8,12.8,0.3358,1.4,5.2,0.1898,4.4,4.6,0.775,1.2,4.8,6.0,2.8,2.2,0.4,1.2,3.0,15.4,7.4,15.25,3.0,5.5,0.27075,0.75,1.5,0.35,0.25,0.25,0.25,0.25,2.0,2.25,2.0,0.25,0.5,0.75,1.5,7.0,7.0
0,06-10,Toronto Raptors,Golden State Warriors,215.5,-1.0,-102,-114,211,-1,3,3,0.9803921568627452,0.8771929824561404,1.02,1.14,Monday,105,106,20014,,,36.6,5.8,13.6,0.4455999999999999,1.0,4.8,0.224,2.8,3.8,0.425,2.2,4.4,6.6,3.2,1.0,0.8,2.2,2.4,15.4,1.8,14.233333333333333,2.25,4.25,0.3885,0.75,2.0,0.125,1.75,2.0,0.45825,0.5,2.0,2.5,0.75,0.25,0.25,0.5,1.75,7.0,-3.5,33.55,5.6,13.0,0.4387999999999999,3.6,7.4,0.5456,1.8,2.0,0.5,0.8,4.6,5.4,4.4,0.6,1.2,2.0,2.6,16.6,-0.2,10.166666666666666,1.4285714285714286,2.4285714285714284,0.3928571428571428,0.2857142857142857,0.7142857142857143,0.119,0.1428571428571428,0.5714285714285714,0.0357142857142857,0.2857142857142857,1.1428571428571428,1.4285714285714286,0.7142857142857143,0.2857142857142857,0.1428571428571428,0.7142857142857143,1.2857142857142858,3.2857142857142856,0.8571428571428571
0,06-13,Golden State Warriors,Toronto Raptors,211.5,2.5,-140,118,224,-4,3,3,0.7142857142857143,0.8474576271186441,1.4,1.18,Thursday,110,114,20014,,,35.379999999999995,6.2,12.2,0.5098,2.2,5.4,0.3379999999999999,3.4,4.6,0.44,1.6,4.8,6.4,5.2,1.6,1.0,3.0,3.0,18.0,-0.4,10.166666666666666,1.3333333333333333,3.1666666666666665,0.2295,0.0,0.6666666666666666,0.0,0.6666666666666666,1.1666666666666667,0.0951666666666666,0.5,1.1666666666666667,1.6666666666666667,0.3333333333333333,0.1666666666666666,0.1666666666666666,0.1666666666666666,1.3333333333333333,3.333333333333333,-3.0,34.77,5.2,10.8,0.3177999999999999,1.6,4.0,0.2542,3.4,4.4,0.6083999999999999,1.6,5.0,6.6,4.6,1.4,0.4,1.8,3.2,15.4,3.2,22.02777777777777,4.333333333333333,9.333333333333334,0.3373333333333333,1.6666666666666667,4.333333333333333,0.1516666666666666,2.0,2.333333333333333,0.5,1.0,1.0,2.0,0.6666666666666666,0.3333333333333333,0.0,1.0,2.333333333333333,12.333333333333334,1.3333333333333333
