date,team,Starter_MP,Starter_FG,Starter_FGA,Starter_FG_PCT,Starter_FG3,Starter_FG3A,Starter_FG3_PCT,Starter_FT,Starter_FTA,Starter_FT_PCT,Starter_ORB,Starter_DRB,Starter_TRB,Starter_AST,Starter_STL,Starter_BLK,Starter_TOV,Starter_PF,Starter_PTS,Starter_PLUS_MINUS
2023-10-24T19:30:00,Denver Nuggets,34.56666666666666,8.0,14.2,0.5696,2.2,4.8,0.5178,1.2,1.6,0.5,1.6,5.6,7.2,5.0,1.6,0.8,1.2,2.2,19.4,9.2
2023-10-24T19:30:00,Los Angeles Lakers,32.33,6.0,12.8,0.485,1.8,3.8,0.46340000000000003,2.4,3.2,0.6428,1.4,4.8,6.2,4.2,0.8,0.6,1.6,1.8,16.2,-7.4
2023-10-24T22:00:00,Golden State Warriors,31.313333333333333,5.0,14.2,0.3666,1.4,6.8,0.11179999999999998,3.2,3.6,0.7048,1.8,4.2,6.0,2.8,0.6,0.4,1.6,2.6,14.6,-5.6
2023-10-24T22:00:00,Phoenix Suns,30.5,6.4,13.2,0.46799999999999997,1.2,3.6,0.475,2.2,2.6,0.72,2.6,5.4,8.0,3.4,0.4,0.4,2.4,2.8,16.2,1.0
2023-10-25T19:00:00,Atlanta Hawks,31.313333333333333,4.6,12.8,0.3938,0.6,4.0,0.1222,4.8,5.6,0.7032,2.2,2.8,5.0,3.2,1.4,0.0,2.0,2.2,14.6,-12.0
2023-10-25T19:00:00,Boston Celtics,36.193333333333335,6.6,12.8,0.511,2.0,5.8,0.2928,4.0,4.8,0.6466000000000001,0.6,6.4,7.0,2.6,1.0,1.8,2.0,3.6,19.2,6.2
2023-10-25T19:00:00,Charlotte Hornets,31.923333333333336,6.4,12.6,0.541,1.4,5.0,0.1634,3.2,4.4,0.6167999999999999,2.0,5.8,7.8,5.2,1.0,0.4,3.0,2.4,17.4,12.0
2023-10-25T19:00:00,Houston Rockets,28.873333333333335,4.2,10.0,0.4354,1.6,3.6,0.26680000000000004,1.8,2.6,0.3714,0.6,3.2,3.8,2.8,0.8,0.2,2.2,3.2,11.8,-8.0
2023-10-25T19:00:00,Indiana Pacers,24.400000000000002,6.4,11.8,0.5518,2.4,5.4,0.3632,1.6,1.8,0.7,0.4,4.0,4.4,3.8,1.0,1.0,1.6,1.8,16.8,11.2
2023-10-25T19:00:00,New York Knicks,29.889999999999997,4.8,14.8,0.3468,2.2,5.4,0.32999999999999996,1.4,3.2,0.21139999999999998,1.8,3.0,4.8,3.2,1.6,0.0,1.0,2.4,13.2,-3.2
2023-10-25T19:00:00,Orlando Magic,25.21333333333333,4.0,9.8,0.42460000000000003,1.0,3.4,0.143,2.4,2.6,0.3714,2.2,2.8,5.0,2.0,1.4,0.0,1.4,1.6,11.4,9.6
2023-10-25T19:00:00,Washington Wizards,24.196666666666665,5.8,11.6,0.5944,0.6,2.8,0.15,2.6,3.6,0.5599999999999999,1.0,2.8,3.8,3.2,0.6,1.2,1.6,1.4,14.8,-15.4
2023-10-25T19:30:00,Brooklyn Nets,27.24666666666667,3.4,8.2,0.3932,0.4,1.8,0.1166,2.4,2.8,0.6778000000000001,1.8,4.0,5.8,4.6,1.0,0.8,1.6,2.0,9.6,-6.4
2023-10-25T19:30:00,Cleveland Cavaliers,34.36333333333333,7.4,14.2,0.5216000000000001,2.8,6.4,0.3276,1.8,2.0,0.76,1.4,4.8,6.2,3.6,1.8,1.0,1.6,3.0,19.4,6.8
2023-10-25T19:30:00,Detroit Pistons,31.720000000000006,6.4,13.6,0.4457999999999999,1.4,4.0,0.3222,0.8,1.6,0.3,3.0,4.8,7.8,4.2,0.6,2.2,2.2,3.2,15.0,-2.4
2023-10-25T19:30:00,Miami Heat,32.126666666666665,4.8,13.0,0.3214,1.0,2.6,0.1572,3.4,4.2,0.5156000000000001,2.4,4.6,7.0,2.8,1.4,0.6,1.0,2.6,14.0,1.6
2023-10-25T19:30:00,Minnesota Timberwolves,31.923333333333336,5.4,15.6,0.352,1.4,4.8,0.2042,2.4,2.8,0.72,2.6,6.4,9.0,2.0,0.8,1.8,2.0,2.0,14.6,-7.0
2023-10-25T19:30:00,Toronto Raptors,32.33,5.8,13.2,0.5356,2.4,5.2,0.3588,2.2,3.2,0.7834,1.0,6.0,7.0,4.0,1.2,1.8,2.0,1.4,16.2,6.6
2023-10-25T20:00:00,Chicago Bulls,29.889999999999997,5.2,13.6,0.4022,1.0,5.0,0.1682,2.6,3.2,0.6332,1.2,3.8,5.0,3.4,1.2,0.6,1.6,2.4,14.0,-11.6
2023-10-25T20:00:00,Memphis Grizzlies,33.55,6.0,13.0,0.45519999999999994,1.8,5.8,0.2732,2.6,3.4,0.6599999999999999,1.0,4.2,5.2,3.0,1.4,1.4,2.2,2.6,16.4,0.6
2023-10-25T20:00:00,New Orleans Pelicans,34.56666666666667,6.4,13.2,0.49779999999999996,2.0,4.2,0.34240000000000004,3.4,4.4,0.8294,1.6,6.0,7.6,3.8,1.0,0.6,3.2,2.2,18.2,1.4
2023-10-25T20:00:00,Oklahoma City Thunder,31.51666666666667,6.2,11.6,0.5136000000000001,2.0,4.4,0.4934,2.0,2.4,0.4666,0.2,4.8,5.0,5.2,1.0,0.6,1.8,1.6,16.4,14.6
2023-10-25T21:00:00,Sacramento Kings,30.296666666666663,6.6,14.0,0.462,2.4,6.0,0.4002,3.4,4.0,0.7093999999999999,2.4,4.4,6.8,3.2,0.8,1.0,1.6,3.2,19.0,9.4
2023-10-25T21:00:00,Utah Jazz,27.24666666666667,5.4,11.2,0.5156,1.4,3.6,0.31320000000000003,2.6,3.2,0.5166000000000001,2.2,4.6,6.8,2.6,0.6,0.4,1.0,2.4,14.8,-7.8
2023-10-25T21:30:00,Dallas Mavericks,28.263333333333332,6.2,14.0,0.3536,2.0,6.8,0.2596,1.4,2.2,0.6142,0.8,5.0,5.8,3.6,0.6,0.4,2.0,2.2,15.8,-1.2
2023-10-25T21:30:00,San Antonio Spurs,30.093333333333327,6.4,12.6,0.5192,1.4,4.4,0.32,2.2,3.4,0.5933999999999999,1.4,5.0,6.4,4.0,1.2,0.6,3.2,3.8,16.4,-2.0
2023-10-25T22:30:00,Los Angeles Clippers,27.45,7.0,11.4,0.6002000000000001,2.2,3.6,0.46419999999999995,1.0,1.2,0.36,1.8,4.0,5.8,5.4,1.4,1.2,2.6,2.4,17.2,25.8
2023-10-25T22:30:00,Portland Trail Blazers,27.246666666666663,4.2,9.6,0.446,0.8,3.8,0.1332,1.6,1.8,0.55,1.6,2.6,4.2,2.2,1.2,0.4,2.4,2.0,10.8,-16.4
2023-10-26T19:30:00,Milwaukee Bucks,29.889999999999997,5.6,11.4,0.508,1.8,4.6,0.48319999999999996,4.2,5.6,0.3666,1.0,4.8,5.8,2.8,1.2,0.4,2.6,2.2,17.2,3.8
2023-10-26T19:30:00,Philadelphia 76ers,32.94,6.0,12.8,0.41459999999999997,2.2,5.2,0.4274,2.8,4.4,0.5349999999999999,0.4,5.0,5.4,4.0,1.2,0.2,2.0,3.4,17.0,-3.4
2023-10-26T22:00:00,Los Angeles Lakers,30.906666666666666,5.4,11.8,0.40679999999999994,0.8,3.4,0.2686,3.4,4.2,0.63,1.0,4.2,5.2,3.4,1.8,1.2,2.2,2.6,15.0,2.2
2023-10-26T22:00:00,Phoenix Suns,33.14333333333333,5.2,12.0,0.4016,1.4,4.6,0.29,3.0,3.6,0.7538,1.8,5.4,7.2,2.4,0.8,0.4,3.0,2.8,14.8,-2.6
2023-10-27T19:00:00,Charlotte Hornets,30.093333333333327,5.0,13.8,0.3494,1.0,4.6,0.1972,3.8,4.6,0.5332,1.4,4.0,5.4,3.6,1.6,0.6,2.4,2.8,14.8,-11.4
2023-10-27T19:00:00,Denver Nuggets,32.33,5.2,11.8,0.43339999999999995,1.8,5.0,0.2854,2.0,2.4,0.5666,1.0,5.0,6.0,3.8,1.8,0.8,2.8,2.2,14.2,6.4
2023-10-27T19:00:00,Detroit Pistons,30.906666666666666,4.2,10.2,0.43,1.0,2.8,0.2266,1.2,1.6,0.6,2.4,6.0,8.4,3.8,0.8,1.0,4.0,4.2,10.6,4.4
2023-10-27T19:00:00,Memphis Grizzlies,31.313333333333333,5.6,12.4,0.46419999999999995,1.4,5.0,0.3724,3.4,4.0,0.8,1.6,4.6,6.2,3.0,2.0,1.0,2.6,3.2,16.0,-4.0
2023-10-27T19:30:00,Atlanta Hawks,31.313333333333333,5.6,12.4,0.46720000000000006,1.2,3.4,0.2658,3.8,4.6,0.5934,1.8,4.2,6.0,4.4,0.8,0.8,1.8,2.2,16.2,-5.4
2023-10-27T19:30:00,Boston Celtics,35.78666666666667,8.4,16.8,0.5094,2.8,6.8,0.40519999999999995,2.6,3.8,0.6832,2.0,5.8,7.8,3.4,1.4,1.0,2.0,2.8,22.2,2.4
2023-10-27T19:30:00,Cleveland Cavaliers,33.75333333333333,5.8,13.4,0.41240000000000004,1.8,6.0,0.25579999999999997,3.2,4.2,0.44699999999999995,1.4,6.6,8.0,2.8,1.8,1.2,2.2,2.4,16.6,-2.0
2023-10-27T19:30:00,Miami Heat,32.33,6.2,13.6,0.4702,2.0,4.0,0.33340000000000003,3.8,4.6,0.6334,1.8,5.2,7.0,3.6,0.8,0.8,1.6,1.6,18.2,2.2
2023-10-27T19:30:00,New York Knicks,32.53333333333333,5.6,11.6,0.43800000000000006,3.2,5.8,0.4192,3.0,4.0,0.5666,2.0,4.4,6.4,4.4,1.0,0.8,1.8,2.0,17.4,9.0
2023-10-27T19:30:00,Oklahoma City Thunder,33.75333333333334,6.8,14.0,0.44719999999999993,2.0,3.0,0.6,2.6,3.2,0.6834,1.0,7.2,8.2,3.2,1.6,1.8,2.8,2.6,18.2,-0.6
2023-10-27T20:00:00,Chicago Bulls,34.97333333333333,4.8,14.2,0.3028,1.0,5.4,0.201,3.8,4.8,0.6762,0.8,5.2,6.0,2.8,1.4,0.6,2.6,2.4,14.4,-6.2
2023-10-27T20:00:00,Houston Rockets,40.056666666666665,8.6,17.4,0.49239999999999995,1.6,5.8,0.3232,1.4,3.0,0.45,2.2,5.4,7.6,5.0,0.8,0.2,3.0,4.2,20.2,-3.6
2023-10-27T20:00:00,San Antonio Spurs,34.16,6.2,13.4,0.4732000000000001,1.2,5.6,0.1716,4.2,5.6,0.687,1.6,4.4,6.0,3.8,1.8,0.8,2.8,3.0,17.8,-0.6
2023-10-27T20:00:00,Toronto Raptors,32.33,5.6,10.6,0.5616,1.0,3.2,0.27,1.6,2.6,0.4034,0.4,5.4,5.8,4.4,0.4,0.4,3.2,3.6,13.8,11.0
2023-10-27T20:30:00,Brooklyn Nets,34.769999999999996,7.0,13.8,0.5162,2.8,6.0,0.35,1.8,2.0,0.5,1.2,5.0,6.2,4.8,0.6,0.6,1.4,3.2,18.6,-4.0
2023-10-27T20:30:00,Dallas Mavericks,26.026666666666664,6.0,11.4,0.5452,2.2,4.8,0.2286,2.6,3.2,0.45999999999999996,0.6,4.6,5.2,2.8,0.0,0.2,0.8,1.8,16.8,0.0
2023-10-27T21:30:00,Los Angeles Clippers,29.889999999999997,5.0,10.4,0.46340000000000003,1.6,4.6,0.2132,3.4,4.4,0.3666,1.0,4.0,5.0,2.4,1.0,0.6,1.8,2.4,15.0,0.6
2023-10-27T21:30:00,Utah Jazz,30.093333333333334,5.2,12.6,0.3988,2.4,6.0,0.417,2.8,3.0,0.7333999999999999,2.6,4.4,7.0,3.4,0.8,0.4,1.4,1.4,15.6,3.0
2023-10-27T22:00:00,Golden State Warriors,31.110000000000003,7.0,12.4,0.5578,1.8,3.8,0.24,1.8,2.0,0.5,1.0,4.2,5.2,5.8,1.8,0.6,2.6,2.6,17.6,4.4
2023-10-27T22:00:00,Orlando Magic,29.686666666666667,4.2,9.6,0.4756,0.8,3.0,0.1332,3.6,5.0,0.6166,1.0,4.6,5.6,3.2,1.4,0.6,2.0,1.4,12.8,6.6
2023-10-27T22:00:00,Portland Trail Blazers,30.093333333333327,4.6,11.8,0.341,1.2,4.4,0.1528,1.6,1.8,0.3714,2.0,3.8,5.8,1.6,1.2,0.2,2.6,3.4,12.0,-2.8
2023-10-27T22:00:00,Sacramento Kings,32.126666666666665,6.2,13.8,0.42840000000000006,1.8,5.8,0.26580000000000004,2.6,3.8,0.488,1.6,5.4,7.0,3.0,1.6,0.4,1.4,1.4,16.8,-6.0
2023-10-28T19:00:00,Chicago Bulls,30.09333333333334,6.2,12.8,0.31379999999999997,1.6,3.8,0.2076,2.6,3.2,0.5214000000000001,0.8,2.4,3.2,1.4,0.6,0.4,1.6,2.8,16.6,-7.2
2023-10-28T19:00:00,Detroit Pistons,32.126666666666665,5.8,11.2,0.51,0.6,2.4,0.1834,3.2,3.8,0.6548,2.4,5.8,8.2,4.8,0.6,0.6,2.4,3.0,15.4,9.2
2023-10-28T19:00:00,Memphis Grizzlies,30.90666666666666,5.4,12.2,0.4382,2.6,6.6,0.48660000000000003,1.6,1.6,0.4,0.4,5.2,5.6,3.4,0.8,0.8,2.0,3.2,15.0,-7.0
2023-10-28T19:00:00,New Orleans Pelicans,27.45,6.8,11.6,0.5626,1.0,2.6,0.3238,1.4,2.4,0.45,0.6,3.6,4.2,2.6,1.2,0.6,2.2,3.0,16.0,9.0
2023-10-28T19:00:00,New York Knicks,29.686666666666667,4.2,12.4,0.3426,0.6,4.4,0.1068,2.0,2.4,0.5166000000000001,2.2,5.0,7.2,2.4,0.6,0.6,2.4,1.6,11.0,-9.4
2023-10-28T19:00:00,Washington Wizards,30.906666666666666,5.8,14.0,0.4812,2.2,6.6,0.32,2.6,3.6,0.4224,2.2,5.0,7.2,2.6,1.2,0.6,1.4,2.0,16.4,6.8
2023-10-28T19:30:00,Cleveland Cavaliers,38.22666666666667,7.6,16.6,0.46980000000000005,2.2,5.0,0.44880000000000003,3.0,4.8,0.5266,2.0,5.6,7.6,4.6,0.2,1.0,1.0,2.6,20.4,-4.2
2023-10-28T19:30:00,Indiana Pacers,26.026666666666664,4.8,10.6,0.4426,1.2,3.4,0.22079999999999997,2.0,2.2,0.5334,0.8,4.8,5.6,3.4,0.2,0.6,0.8,2.2,12.8,-4.6
2023-10-28T19:30:00,Philadelphia 76ers,32.94,6.4,11.8,0.562,2.0,4.2,0.47219999999999995,2.8,3.2,0.538,0.4,4.6,5.0,4.2,0.8,1.2,1.4,1.4,17.6,1.6
2023-10-28T19:30:00,Toronto Raptors,33.34666666666667,5.4,11.8,0.43900000000000006,2.2,4.2,0.41340000000000005,1.6,2.6,0.48339999999999994,1.4,4.2,5.6,4.4,0.6,0.8,1.4,2.0,14.6,-6.4
2023-10-28T20:00:00,Miami Heat,28.873333333333335,4.4,10.6,0.453,1.6,4.4,0.32,1.4,2.4,0.3,0.4,4.8,5.2,3.6,0.4,0.0,2.2,1.6,11.8,-7.0
2023-10-28T20:00:00,Minnesota Timberwolves,29.279999999999994,5.4,10.8,0.5024,1.4,4.2,0.27,0.6,0.8,0.3,1.2,5.4,6.6,3.6,0.8,0.4,1.6,2.2,12.8,14.0
2023-10-28T22:00:00,Phoenix Suns,26.23,5.6,9.4,0.5690000000000001,1.4,4.4,0.22160000000000002,3.6,4.0,0.7333999999999999,0.4,3.2,3.6,4.0,1.2,0.4,1.4,2.0,16.2,23.0
2023-10-28T22:00:00,Utah Jazz,23.586666666666666,3.4,8.6,0.3574,1.2,3.6,0.20939999999999998,0.6,1.0,0.3,1.6,2.4,4.0,1.4,0.4,0.6,2.0,2.8,8.6,-21.0
2023-10-29T15:30:00,Denver Nuggets,27.246666666666663,7.0,11.2,0.587,1.4,3.0,0.46419999999999995,1.2,1.6,0.4666,1.4,4.8,6.2,3.6,0.6,0.6,2.2,2.0,16.6,19.6
2023-10-29T15:30:00,Oklahoma City Thunder,24.60333333333333,4.4,11.4,0.4224,0.6,3.2,0.19,2.2,2.4,0.75,1.0,1.8,2.8,3.0,0.6,0.4,0.6,1.6,11.6,-20.4
2023-10-29T19:00:00,Atlanta Hawks,27.043333333333333,5.6,11.2,0.5114,1.6,4.0,0.3484,2.4,2.8,0.7556,0.8,4.4,5.2,3.8,2.0,0.4,2.0,1.8,15.2,17.0
2023-10-29T19:00:00,Golden State Warriors,27.246666666666663,4.2,9.0,0.505,2.4,5.4,0.2524,2.2,2.8,0.45999999999999996,1.0,4.4,5.4,2.4,0.2,0.6,1.8,2.2,13.0,-0.2
2023-10-29T19:00:00,Houston Rockets,34.77,5.4,14.0,0.3842,1.6,5.0,0.3438,2.4,2.6,0.76,1.4,3.8,5.2,3.8,0.8,0.2,1.0,2.8,14.8,-1.0
2023-10-29T19:00:00,Milwaukee Bucks,27.24666666666667,4.6,10.6,0.403,1.6,5.4,0.21000000000000002,2.2,3.0,0.45999999999999996,1.6,3.4,5.0,2.6,1.2,0.6,2.2,1.6,13.0,-23.0
2023-10-29T19:30:00,Philadelphia 76ers,30.296666666666663,6.2,11.6,0.529,2.0,4.0,0.5,5.6,6.4,0.7214,1.2,6.0,7.2,4.2,1.2,2.0,2.0,2.0,20.0,26.2
2023-10-29T19:30:00,Portland Trail Blazers,23.993333333333332,3.6,9.2,0.3798,0.6,2.8,0.15,2.2,2.6,0.5314,1.0,3.0,4.0,1.6,0.4,0.8,1.8,2.8,10.0,-19.6
2023-10-29T21:00:00,Los Angeles Clippers,26.026666666666664,5.6,10.2,0.481,1.6,4.0,0.263,2.2,3.4,0.5048,1.0,4.2,5.2,3.0,1.8,0.6,1.4,2.2,15.0,25.2
2023-10-29T21:00:00,Los Angeles Lakers,38.22666666666667,7.0,16.6,0.3918,2.2,7.2,0.317,3.6,5.0,0.713,1.2,6.6,7.8,4.6,0.6,0.8,2.4,3.2,19.8,-8.8
2023-10-29T21:00:00,Sacramento Kings,35.583333333333336,6.4,13.4,0.4606,2.0,5.8,0.4274,2.4,3.6,0.65,1.0,6.2,7.2,4.8,0.8,1.0,1.4,3.8,17.2,8.0
2023-10-29T21:00:00,San Antonio Spurs,25.01,3.0,8.4,0.29500000000000004,0.6,3.2,0.15660000000000002,1.2,1.8,0.5,0.8,3.4,4.2,2.0,0.8,0.4,3.2,2.4,7.8,-27.4
2023-10-30T19:00:00,Boston Celtics,26.43333333333333,8.0,12.8,0.645,3.0,5.8,0.4784,1.0,1.4,0.5,0.4,4.4,4.8,3.8,1.2,1.0,1.4,1.8,20.0,28.8
2023-10-30T19:00:00,Brooklyn Nets,30.906666666666666,6.8,10.8,0.6212,1.4,3.8,0.27199999999999996,3.4,4.2,0.5714,1.0,4.4,5.4,3.6,0.4,0.8,2.2,2.0,18.4,8.0
2023-10-30T19:00:00,Charlotte Hornets,30.5,6.8,12.8,0.5642,1.0,3.4,0.3332,1.2,1.4,0.8,0.8,4.2,5.0,5.0,1.0,0.4,1.4,3.4,15.8,-9.0
2023-10-30T19:00:00,Chicago Bulls,30.5,5.6,13.4,0.43900000000000006,0.6,2.4,0.2334,4.8,5.4,0.7152000000000001,1.2,5.0,6.2,2.2,0.6,0.4,0.8,2.0,16.6,3.0
2023-10-30T19:00:00,Indiana Pacers,31.109999999999996,4.8,11.6,0.4136,1.6,5.6,0.25,3.8,4.6,0.6964,1.6,5.4,7.0,3.4,0.8,0.4,2.0,2.2,15.0,-3.6
2023-10-30T19:00:00,Washington Wizards,25.619999999999997,5.4,11.4,0.46880000000000005,1.4,4.8,0.29,0.4,0.4,0.2,1.2,3.4,4.6,3.0,1.2,0.6,1.6,1.4,12.6,-23.0
2023-10-30T19:30:00,Atlanta Hawks,32.33,7.4,13.2,0.4862,1.6,3.8,0.3686,2.6,2.8,0.9,0.4,4.0,4.4,3.8,1.0,1.2,1.4,1.6,19.0,9.6
2023-10-30T19:30:00,Minnesota Timberwolves,31.313333333333333,6.0,12.0,0.5029999999999999,2.0,3.8,0.4582,1.8,2.6,0.3454,1.8,4.8,6.6,3.2,0.6,0.6,1.0,2.6,15.8,-10.0
2023-10-30T19:30:00,Portland Trail Blazers,32.33,4.8,10.6,0.49660000000000004,1.4,4.6,0.27999999999999997,2.2,2.4,0.55,2.0,5.6,7.6,2.8,1.0,1.0,2.2,2.6,13.2,3.0
2023-10-30T19:30:00,Toronto Raptors,32.940000000000005,6.2,14.0,0.4666,0.8,4.4,0.16099999999999998,1.6,2.0,0.6668,2.0,4.4,6.4,3.0,1.2,0.6,1.8,1.6,14.8,-1.0
2023-10-30T20:00:00,Dallas Mavericks,29.28,5.6,10.4,0.54,3.2,6.0,0.43339999999999995,2.8,4.0,0.4234,0.6,4.8,5.4,3.4,0.4,0.4,1.8,2.0,17.2,7.6
2023-10-30T20:00:00,Detroit Pistons,29.48333333333333,4.6,12.0,0.3867999999999999,1.2,3.2,0.2692,2.0,2.8,0.61,2.0,4.0,6.0,3.4,0.6,0.8,2.8,2.6,12.4,-11.4
2023-10-30T20:00:00,Golden State Warriors,23.383333333333333,6.0,10.2,0.5564,2.0,4.4,0.2876,1.6,2.4,0.5428,1.2,3.6,4.8,3.4,0.6,0.2,1.6,1.4,15.6,13.2
2023-10-30T20:00:00,Memphis Grizzlies,33.75333333333334,7.4,15.2,0.4648,2.6,6.4,0.38580000000000003,2.0,3.2,0.3056,1.6,5.2,6.8,3.8,1.8,0.6,2.4,2.8,19.4,-8.6
2023-10-30T20:00:00,Miami Heat,27.450000000000006,4.8,10.2,0.43459999999999993,1.2,3.6,0.3,3.0,3.2,0.58,0.6,4.0,4.6,2.8,1.0,0.2,1.8,1.2,13.8,-9.8
2023-10-30T20:00:00,Milwaukee Bucks,29.076666666666664,5.4,11.2,0.42539999999999994,1.0,4.4,0.2072,4.0,5.6,0.45899999999999996,1.0,3.8,4.8,3.2,1.0,0.4,2.2,2.6,15.8,2.8
2023-10-30T20:00:00,New Orleans Pelicans,28.669999999999998,5.0,13.0,0.3652,1.0,5.0,0.1472,2.4,3.8,0.6612,1.8,3.0,4.8,2.8,1.4,0.6,1.2,2.4,13.4,-17.8
2023-10-30T20:00:00,Oklahoma City Thunder,28.669999999999998,7.0,13.4,0.5556,1.4,3.4,0.3432,3.2,3.6,0.72,0.8,5.0,5.8,3.2,1.8,1.4,2.2,2.2,18.6,12.2
2023-10-30T21:00:00,Denver Nuggets,31.516666666666662,7.0,12.0,0.5851999999999999,1.6,4.0,0.319,0.8,2.2,0.22999999999999998,0.8,4.0,4.8,5.8,0.2,1.4,2.0,2.4,16.4,5.8
2023-10-30T21:00:00,Utah Jazz,32.94,7.2,14.6,0.5094000000000001,1.6,4.6,0.277,0.8,2.2,0.33340000000000003,2.6,5.8,8.4,4.0,0.4,0.4,2.0,2.8,16.8,-1.8
2023-10-30T22:30:00,Los Angeles Lakers,33.14333333333333,7.0,13.0,0.492,1.2,3.8,0.2166,2.4,2.8,0.6834,0.4,5.0,5.4,4.2,1.0,1.4,2.4,2.0,17.6,-1.8
2023-10-30T22:30:00,Orlando Magic,32.33,4.8,13.4,0.3702,1.4,4.6,0.2496,1.8,2.4,0.5,1.8,4.8,6.6,4.0,0.8,0.6,1.0,3.0,12.8,-0.4
2023-10-31T19:30:00,Cleveland Cavaliers,26.43333333333333,4.0,10.8,0.29379999999999995,0.6,3.8,0.1086,1.2,1.6,0.4,2.2,3.4,5.6,2.4,0.6,0.4,1.2,1.8,9.8,-11.2
2023-10-31T19:30:00,New York Knicks,26.636666666666667,4.6,10.2,0.536,1.4,3.2,0.3332,2.8,3.8,0.45,1.4,3.8,5.2,1.0,1.2,0.0,1.6,1.4,13.4,13.4
2023-10-31T22:00:00,Phoenix Suns,34.56666666666667,6.4,12.4,0.4918,2.6,5.6,0.4282,2.2,2.6,0.6599999999999999,0.4,4.6,5.0,4.4,0.6,1.0,2.6,1.6,17.6,-2.4
2023-10-31T22:00:00,San Antonio Spurs,30.906666666666666,6.4,13.6,0.4664,2.0,5.4,0.297,2.2,3.0,0.7434,1.4,4.4,5.8,3.8,1.2,1.4,2.0,2.4,17.0,-0.4
2023-10-31T22:30:00,Los Angeles Clippers,30.5,5.8,13.2,0.4346,2.0,4.6,0.2476,2.2,2.8,0.7666000000000001,1.0,5.0,6.0,4.2,2.0,0.4,1.8,2.4,15.8,15.2
2023-10-31T22:30:00,Orlando Magic,31.72,4.8,11.0,0.42840000000000006,0.8,3.4,0.1638,1.4,3.0,0.2,1.0,5.2,6.2,2.8,1.4,0.4,2.6,3.4,11.8,-10.8
2023-11-01T19:00:00,Detroit Pistons,31.92333333333333,5.4,13.0,0.3806,1.4,3.8,0.2112,1.4,1.6,0.36,1.0,4.4,5.4,2.8,1.4,0.4,3.2,3.4,13.6,0.2
2023-11-01T19:00:00,Milwaukee Bucks,23.383333333333333,4.2,9.6,0.4248,1.6,4.2,0.2334,3.6,4.4,0.7048,1.0,1.8,2.8,1.6,1.2,0.2,1.8,1.6,13.6,-18.8
2023-11-01T19:00:00,Portland Trail Blazers,30.5,5.6,11.6,0.4032,1.2,3.2,0.2666,3.6,4.4,0.52,0.6,3.4,4.0,2.8,1.6,0.6,2.2,1.6,16.0,1.8
2023-11-01T19:00:00,Toronto Raptors,28.669999999999998,8.0,11.8,0.7168000000000001,2.4,3.8,0.5584,1.8,2.0,0.7,2.0,5.0,7.0,5.6,0.6,1.0,2.4,3.0,20.2,19.0
2023-11-01T19:30:00,Atlanta Hawks,30.70333333333333,6.6,13.0,0.5246000000000001,1.6,4.4,0.301,4.0,4.6,0.8444,1.0,5.4,6.4,4.2,1.4,0.2,2.6,1.8,18.8,9.8
2023-11-01T19:30:00,Boston Celtics,26.23,6.4,11.2,0.5725999999999999,2.2,4.0,0.4508,3.4,3.6,0.58,1.0,6.0,7.0,3.0,0.0,0.2,1.8,2.0,18.4,27.8
2023-11-01T19:30:00,Brooklyn Nets,33.346666666666664,4.2,11.2,0.39640000000000003,1.8,4.8,0.3144,1.6,2.2,0.35,0.8,5.2,6.0,3.6,1.2,0.6,2.8,3.0,11.8,-11.0
2023-11-01T19:30:00,Cleveland Cavaliers,33.14333333333333,4.0,10.4,0.3484,1.4,5.0,0.1466,2.6,2.8,0.7333999999999999,0.6,5.6,6.2,3.4,1.0,1.0,2.6,4.0,12.0,4.0
2023-11-01T19:30:00,Indiana Pacers,20.333333333333332,4.0,9.6,0.4514,0.2,3.4,0.028599999999999997,0.6,1.2,0.3,0.6,1.6,2.2,1.2,0.8,0.2,0.6,0.8,8.8,-26.4
2023-11-01T19:30:00,Miami Heat,30.499999999999993,6.0,13.0,0.4276000000000001,1.6,4.6,0.2,2.2,2.8,0.35,2.0,4.2,6.2,3.0,1.4,0.8,2.4,2.0,15.8,3.0
2023-11-01T19:30:00,New Orleans Pelicans,31.72,5.8,15.0,0.3942,1.8,5.6,0.3892,3.2,4.6,0.41899999999999993,3.0,5.4,8.4,4.0,0.6,0.6,1.4,3.0,16.6,8.8
2023-11-01T19:30:00,New York Knicks,31.51666666666667,3.8,12.4,0.3048,0.4,3.8,0.07339999999999999,2.4,3.4,0.2778,2.4,4.8,7.2,2.4,0.4,0.4,1.6,2.0,10.4,-5.0
2023-11-01T19:30:00,Oklahoma City Thunder,35.17666666666666,6.0,14.0,0.43199999999999994,1.0,4.6,0.19,3.2,3.6,0.7378,1.0,6.0,7.0,3.6,1.2,0.6,2.2,2.8,16.2,-2.6
2023-11-01T19:30:00,Washington Wizards,22.57,6.2,12.6,0.4640000000000001,1.2,4.6,0.25,1.0,1.4,0.5334,0.8,3.0,3.8,2.8,1.0,0.4,1.2,2.2,14.6,-16.0
2023-11-01T20:00:00,Charlotte Hornets,32.736666666666665,6.8,12.8,0.5706,1.6,3.8,0.2666,2.6,3.8,0.5928,1.8,2.2,4.0,3.4,1.0,0.6,2.0,1.4,17.8,-3.8
2023-11-01T20:00:00,Denver Nuggets,26.433333333333337,4.4,11.4,0.42799999999999994,0.6,3.4,0.2834,1.4,1.8,0.72,1.4,3.2,4.6,2.4,0.6,0.8,2.2,1.8,10.8,-17.6
2023-11-01T20:00:00,Houston Rockets,33.14333333333333,7.4,12.8,0.6148,3.2,5.4,0.72,2.2,2.6,0.55,0.6,4.0,4.6,5.4,1.6,0.2,2.6,2.4,20.2,3.0
2023-11-01T20:00:00,Minnesota Timberwolves,28.669999999999998,5.0,11.2,0.4492,1.0,2.6,0.25,3.4,3.6,0.575,1.4,5.4,6.8,2.8,1.2,0.8,2.0,2.4,14.4,17.2
2023-11-01T20:30:00,Chicago Bulls,32.126666666666665,5.2,13.0,0.34359999999999996,1.4,4.8,0.2112,2.0,2.2,0.5,1.4,4.4,5.8,2.8,1.2,0.2,2.0,2.6,13.8,-8.6
2023-11-01T20:30:00,Dallas Mavericks,32.53333333333333,4.6,9.8,0.4702,2.4,6.2,0.2872,2.4,3.8,0.339,2.0,4.6,6.6,3.8,1.0,0.4,1.8,2.0,14.0,12.8
2023-11-01T21:00:00,Memphis Grizzlies,22.976666666666667,3.6,11.0,0.2852,1.6,6.4,0.2002,3.0,3.0,0.8,1.6,2.6,4.2,1.6,1.2,0.6,2.4,2.4,11.8,-19.4
2023-11-01T21:00:00,Utah Jazz,24.196666666666665,4.8,9.6,0.4654,2.0,4.0,0.34680000000000005,2.0,2.8,0.6334,1.0,5.0,6.0,3.0,1.0,0.4,1.8,2.6,13.6,8.2
2023-11-01T22:00:00,Golden State Warriors,27.65333333333333,5.2,10.2,0.5576,1.4,3.8,0.22999999999999998,1.8,2.0,0.75,1.2,2.8,4.0,4.0,0.6,1.0,2.4,2.2,13.6,-1.2
2023-11-01T22:00:00,Los Angeles Clippers,37.00666666666667,8.0,16.0,0.4628,2.8,5.8,0.3244,2.8,4.2,0.495,1.4,5.2,6.6,3.8,1.8,0.0,2.4,4.2,21.6,4.0
2023-11-01T22:00:00,Los Angeles Lakers,40.260000000000005,8.0,15.2,0.48740000000000006,1.6,4.6,0.2258,4.8,6.4,0.8056000000000001,1.2,5.8,7.0,5.4,1.6,1.4,2.4,3.4,22.4,2.2
2023-11-01T22:00:00,Sacramento Kings,32.736666666666665,5.0,11.8,0.43740000000000007,1.6,5.2,0.2542,2.6,3.6,0.7166,1.6,4.4,6.0,3.8,1.4,0.0,1.2,1.6,14.2,0.0
2023-11-02T19:00:00,Philadelphia 76ers,33.346666666666664,6.8,14.8,0.43439999999999995,1.6,4.0,0.29979999999999996,4.0,4.8,0.718,1.6,4.6,6.2,3.8,1.4,0.2,1.6,2.2,19.2,10.4
2023-11-02T19:00:00,Toronto Raptors,32.126666666666665,5.8,11.2,0.509,1.0,3.2,0.2572,1.8,2.2,0.5334,1.2,4.2,5.4,5.4,0.2,0.4,2.6,2.6,14.4,-7.2
2023-11-02T20:00:00,Detroit Pistons,31.516666666666662,5.0,12.4,0.44239999999999996,1.0,4.0,0.2238,3.2,4.0,0.6648,2.0,3.4,5.4,5.2,0.4,0.6,2.4,4.2,14.2,-6.6
2023-11-02T20:00:00,New Orleans Pelicans,33.55,6.6,12.6,0.5396,2.4,5.4,0.3834,5.0,5.4,0.7318,1.0,4.0,5.0,3.0,0.6,1.4,2.0,2.4,20.6,4.2
2023-11-02T21:00:00,Orlando Magic,27.653333333333336,4.8,11.2,0.33219999999999994,1.2,3.2,0.2666,3.4,4.6,0.5466,1.4,4.0,5.4,3.2,2.2,0.8,2.6,3.4,14.2,1.4
2023-11-02T21:00:00,Utah Jazz,32.33,6.0,13.4,0.46240000000000003,2.0,5.2,0.32999999999999996,2.4,3.0,0.35,2.0,5.2,7.2,3.2,1.2,1.4,2.8,3.2,16.4,-1.6
2023-11-02T22:00:00,Phoenix Suns,27.24666666666667,5.6,10.2,0.4386,2.6,4.2,0.4894,2.6,3.4,0.5112,0.6,3.6,4.2,4.0,0.6,0.4,2.4,2.2,16.4,-7.6
2023-11-02T22:00:00,San Antonio Spurs,29.48333333333333,7.8,14.0,0.5576000000000001,2.0,3.6,0.5334,1.4,1.6,0.3666,1.6,4.8,6.4,4.4,0.6,0.8,1.2,3.2,19.0,11.2
2023-11-04T13:00:00,Philadelphia 76ers,32.53333333333333,7.6,14.8,0.5112,2.0,4.8,0.4096,2.6,3.2,0.7333999999999999,1.8,4.4,6.2,3.8,0.4,0.8,2.4,2.4,19.8,12.0
2023-11-04T13:00:00,Phoenix Suns,28.669999999999998,5.0,12.4,0.413,1.4,4.4,0.34680000000000005,2.8,3.8,0.2714,1.0,3.8,4.8,3.0,1.0,1.4,1.4,1.4,14.2,-7.4
2023-11-04T19:00:00,Atlanta Hawks,33.95666666666666,6.4,12.0,0.5408000000000001,1.6,4.2,0.36360000000000003,2.4,3.2,0.7166,2.0,5.2,7.2,4.8,0.2,0.6,2.2,2.4,16.8,17.2
2023-11-04T19:00:00,Charlotte Hornets,31.923333333333336,7.2,14.2,0.5134,1.4,3.0,0.4772,3.8,3.8,1.0,1.4,3.4,4.8,4.4,1.0,1.4,2.2,2.0,19.6,-6.8
2023-11-04T19:00:00,Indiana Pacers,28.669999999999998,6.0,11.2,0.517,2.6,5.0,0.4034,2.0,2.2,0.5,1.0,2.6,3.6,5.0,0.8,0.2,2.0,2.4,16.6,6.8
2023-11-04T19:00:00,Los Angeles Lakers,32.126666666666665,6.0,12.6,0.4542,1.2,4.2,0.22000000000000003,3.8,4.2,0.7214,1.8,4.4,6.2,2.8,1.0,1.4,2.0,2.4,17.0,-7.4
2023-11-04T19:00:00,New Orleans Pelicans,30.296666666666663,5.8,11.4,0.5084,0.6,2.8,0.13999999999999999,2.4,3.2,0.4734,1.2,3.2,4.4,2.6,1.2,1.2,1.4,1.6,14.6,-15.8
2023-11-04T19:00:00,Orlando Magic,30.093333333333334,6.4,13.2,0.512,1.0,2.6,0.3,2.4,3.0,0.8428000000000001,1.8,4.6,6.4,4.2,0.8,1.6,1.4,1.6,16.2,20.0
2023-11-04T20:00:00,Boston Celtics,35.58333333333333,7.0,14.8,0.5178,2.6,7.0,0.3452,4.0,4.8,0.7,1.8,6.0,7.8,3.8,0.2,1.2,1.8,1.8,20.6,14.2
2023-11-04T20:00:00,Brooklyn Nets,36.803333333333335,6.6,16.6,0.4024,3.0,9.2,0.3448,0.8,1.4,0.4,1.4,4.4,5.8,3.4,0.6,0.6,0.2,2.8,17.0,-12.2
2023-11-04T20:00:00,Houston Rockets,35.989999999999995,7.2,14.8,0.4998,2.0,5.8,0.3238,2.2,3.2,0.4572,1.2,6.2,7.4,4.8,0.6,0.6,1.6,2.2,18.6,19.0
2023-11-04T20:00:00,Minnesota Timberwolves,29.076666666666664,6.0,11.2,0.5034,1.2,3.2,0.3166,2.6,3.4,0.4,0.8,4.8,5.6,3.0,1.0,1.0,1.8,3.4,15.8,18.8
2023-11-04T20:00:00,Sacramento Kings,27.45,3.2,8.8,0.37160000000000004,1.0,4.2,0.225,1.0,1.8,0.21000000000000002,1.0,4.4,5.4,2.4,0.4,0.6,1.4,1.8,8.4,-17.6
2023-11-04T20:00:00,Utah Jazz,28.059999999999995,5.0,13.4,0.43479999999999996,1.4,5.4,0.1794,1.4,1.8,0.31,2.2,2.8,5.0,1.8,0.6,1.2,1.2,2.0,12.8,-15.8
2023-11-04T21:00:00,Chicago Bulls,30.29666666666667,5.2,12.2,0.4284,0.6,2.6,0.19,2.2,2.6,0.9,0.8,3.6,4.4,4.2,0.8,0.2,1.4,2.4,13.2,-20.4
2023-11-04T21:00:00,Denver Nuggets,27.45,5.4,10.4,0.4806,1.8,4.0,0.3332,3.8,4.4,0.51,1.6,5.6,7.2,3.6,1.4,0.6,1.4,2.0,16.4,23.2
2023-11-05T15:00:00,Detroit Pistons,35.58333333333333,6.2,12.4,0.5058,0.8,2.8,0.3,1.4,1.8,0.43339999999999995,1.8,3.6,5.4,3.8,1.2,1.2,3.0,2.6,14.6,-17.0
2023-11-05T15:00:00,Phoenix Suns,28.46666666666667,5.8,12.0,0.368,1.0,2.6,0.2532,3.8,4.2,0.7333999999999999,1.6,3.0,4.6,4.6,0.8,1.2,2.0,0.8,16.4,10.0
2023-11-05T15:30:00,San Antonio Spurs,33.55,7.2,13.6,0.5317999999999999,1.0,3.6,0.1906,2.0,2.6,0.4934,1.4,5.8,7.2,3.8,1.2,1.2,1.4,2.0,17.4,-8.8
2023-11-05T15:30:00,Toronto Raptors,36.80333333333333,7.4,15.4,0.48860000000000003,2.8,7.0,0.2826,2.8,4.8,0.5272,2.2,5.0,7.2,4.2,2.2,1.0,2.0,2.0,20.4,5.0
2023-11-05T18:00:00,Cleveland Cavaliers,31.51666666666667,6.8,13.2,0.5416000000000001,1.6,5.4,0.151,3.8,4.6,0.6346,2.2,4.6,6.8,4.6,0.6,0.2,3.4,2.8,19.0,8.4
2023-11-05T18:00:00,Golden State Warriors,26.636666666666667,4.4,10.4,0.429,2.6,5.0,0.4272,2.8,3.6,0.6166,2.0,2.8,4.8,4.0,1.0,0.2,1.8,0.8,14.2,-7.0
2023-11-05T19:30:00,Charlotte Hornets,34.160000000000004,7.8,16.2,0.5304,1.4,4.6,0.2,2.2,3.8,0.6,1.2,4.6,5.8,4.8,0.6,0.2,1.2,3.4,19.2,-1.0
2023-11-05T19:30:00,Dallas Mavericks,30.093333333333334,5.6,10.6,0.4812,1.4,4.2,0.2488,2.2,2.8,0.47140000000000004,0.8,5.8,6.6,4.8,0.4,1.0,1.8,2.8,14.8,3.4
2023-11-05T21:00:00,Memphis Grizzlies,30.906666666666666,6.6,12.8,0.5072,1.4,4.0,0.29660000000000003,1.6,2.2,0.6334,1.8,5.2,7.0,3.4,0.8,1.0,2.4,3.2,16.2,6.0
2023-11-05T21:00:00,Portland Trail Blazers,34.56666666666666,5.6,13.8,0.4444000000000001,2.2,6.4,0.32,1.6,2.2,0.4166,1.6,4.8,6.4,3.6,1.0,0.8,2.0,2.2,15.0,-14.6
2023-11-06T19:00:00,Dallas Mavericks,29.889999999999997,5.6,11.2,0.5370000000000001,2.0,4.8,0.31320000000000003,2.4,3.2,0.5866,1.0,3.0,4.0,3.4,1.2,0.8,2.4,2.8,15.6,9.2
2023-11-06T19:00:00,Detroit Pistons,34.973333333333336,6.0,11.4,0.5424,1.6,3.8,0.3534,3.4,3.6,0.9714,1.2,4.4,5.6,3.8,1.4,0.4,2.0,2.2,17.0,-3.0
2023-11-06T19:00:00,Golden State Warriors,27.043333333333333,5.8,12.2,0.5034,1.6,5.6,0.10739999999999998,1.0,1.6,0.35,1.8,3.0,4.8,3.4,0.2,0.6,2.0,1.6,14.2,4.0
2023-11-06T19:00:00,Indiana Pacers,23.993333333333332,5.4,10.4,0.5324,1.2,3.2,0.41899999999999993,2.8,2.8,0.8,1.0,3.6,4.6,3.4,0.8,0.4,0.8,2.0,14.8,21.2
2023-11-06T19:00:00,Orlando Magic,29.889999999999997,4.6,11.0,0.4382,0.8,3.2,0.1834,1.8,2.2,0.6,1.2,3.8,5.0,3.8,0.8,0.4,2.6,3.2,11.8,-9.4
2023-11-06T19:00:00,Philadelphia 76ers,29.076666666666664,7.6,13.4,0.4976,1.4,4.0,0.2266,4.4,4.6,0.7,0.8,4.2,5.0,5.4,1.0,0.6,1.4,1.6,21.0,5.8
2023-11-06T19:00:00,San Antonio Spurs,22.57,4.2,9.4,0.4666,0.6,2.0,0.18,2.4,3.2,0.5932000000000001,1.0,3.2,4.2,1.6,0.2,0.4,1.4,1.2,11.4,-17.2
2023-11-06T19:00:00,Washington Wizards,30.093333333333334,7.2,12.6,0.6,2.4,4.4,0.4488,1.4,1.6,0.4,1.2,2.8,4.0,5.0,0.6,1.4,1.8,2.8,18.2,-5.2
2023-11-06T19:30:00,Brooklyn Nets,34.56666666666666,6.8,14.6,0.38380000000000003,1.8,6.2,0.2102,2.2,2.6,0.33799999999999997,2.0,4.6,6.6,3.2,0.4,0.4,0.8,2.0,17.6,3.6
2023-11-06T19:30:00,Los Angeles Clippers,31.72,5.4,10.4,0.5928,1.2,3.8,0.2666,2.0,2.4,0.5,1.2,4.0,5.2,3.2,1.0,0.4,3.0,2.2,14.0,-12.4
2023-11-06T19:30:00,Los Angeles Lakers,33.14333333333333,7.2,12.6,0.5645999999999999,1.0,3.8,0.1916,1.4,1.6,0.5334,0.6,4.8,5.4,4.8,0.8,1.0,2.6,2.6,16.8,1.6
2023-11-06T19:30:00,Miami Heat,32.940000000000005,6.0,13.4,0.4232,1.6,5.0,0.47000000000000003,2.8,3.2,0.52,2.0,4.6,6.6,5.2,1.8,0.6,2.6,1.4,16.4,1.4
2023-11-06T19:30:00,Milwaukee Bucks,26.636666666666663,5.8,12.6,0.40440000000000004,1.0,5.4,0.1686,3.2,3.6,0.5466,1.6,5.2,6.8,3.2,0.4,0.4,1.0,1.6,15.8,-2.8
2023-11-06T19:30:00,New York Knicks,31.516666666666662,5.4,12.6,0.4018,1.4,3.8,0.29159999999999997,3.0,3.0,0.8,2.8,4.2,7.0,2.6,1.6,0.0,3.2,1.6,15.2,2.4
2023-11-06T20:00:00,Atlanta Hawks,31.313333333333333,4.4,13.4,0.33399999999999996,1.6,5.0,0.202,5.2,6.2,0.73,3.0,3.8,6.8,4.4,1.2,0.6,2.2,2.2,15.6,-10.0
2023-11-06T20:00:00,Boston Celtics,39.24333333333333,6.4,15.6,0.36560000000000004,1.6,6.0,0.24159999999999998,4.2,5.6,0.5934,1.2,5.4,6.6,3.4,1.8,0.2,3.0,3.8,18.6,-6.4
2023-11-06T20:00:00,Chicago Bulls,27.856666666666666,5.8,10.6,0.5304,1.6,3.0,0.6134,2.0,2.4,0.33140000000000003,0.8,3.4,4.2,4.0,1.6,0.4,0.8,2.6,15.2,12.2
2023-11-06T20:00:00,Houston Rockets,25.416666666666664,4.6,8.8,0.5188,2.0,4.0,0.4266,3.4,4.0,0.7166,0.4,4.4,4.8,4.0,0.4,0.4,1.2,1.8,14.6,24.2
2023-11-06T20:00:00,Minnesota Timberwolves,37.82,7.0,12.8,0.5888,1.8,5.4,0.3008,1.6,3.6,0.20779999999999998,0.6,6.4,7.0,3.0,0.8,0.2,3.0,3.8,17.4,2.6
2023-11-06T20:00:00,Oklahoma City Thunder,33.34666666666667,6.6,14.0,0.4718,1.6,4.0,0.31239999999999996,4.0,4.2,0.7666000000000001,1.8,6.0,7.8,3.6,0.4,1.2,2.2,3.4,18.8,7.0
2023-11-06T20:00:00,Sacramento Kings,26.433333333333337,3.2,8.4,0.41080000000000005,1.2,4.6,0.18159999999999998,0.6,1.2,0.2334,0.8,2.6,3.4,2.2,0.4,0.2,1.8,1.8,8.2,-23.8
2023-11-06T20:00:00,Utah Jazz,29.28,4.8,11.0,0.4462,1.8,5.4,0.375,2.6,3.0,0.5334,2.8,3.8,6.6,2.6,0.2,1.0,2.8,2.2,14.0,-12.0
2023-11-06T21:00:00,Denver Nuggets,31.72,7.4,13.8,0.5022,1.6,5.0,0.269,2.4,3.0,0.82,2.0,5.4,7.4,6.4,0.4,0.4,1.4,1.8,18.8,15.2
2023-11-06T21:00:00,New Orleans Pelicans,32.940000000000005,6.6,14.4,0.4204,1.4,4.2,0.1,2.0,2.4,0.76,1.4,5.0,6.4,4.2,1.0,0.2,1.8,2.6,16.6,-17.6
2023-11-08T19:00:00,Boston Celtics,35.38,6.0,14.6,0.40800000000000003,2.2,6.6,0.37839999999999996,3.2,3.8,0.8084,1.4,5.0,6.4,4.2,1.4,0.6,2.0,2.4,17.4,3.8
2023-11-08T19:00:00,Charlotte Hornets,30.70333333333333,6.6,12.6,0.5678,1.2,4.0,0.2666,4.2,5.8,0.7144,1.8,4.2,6.0,2.8,1.0,0.6,2.8,2.6,18.6,-5.6
2023-11-08T19:00:00,Indiana Pacers,28.669999999999998,6.0,12.0,0.492,1.2,4.4,0.1976,1.8,2.2,0.35,1.8,3.4,5.2,3.4,1.6,1.0,1.6,1.4,15.0,5.6
2023-11-08T19:00:00,Philadelphia 76ers,34.160000000000004,6.6,15.8,0.396,1.4,5.8,0.24980000000000002,2.6,3.0,0.5,1.0,7.0,8.0,3.0,0.8,1.2,2.0,2.0,17.2,0.6
2023-11-08T19:00:00,Utah Jazz,30.5,6.0,12.4,0.46740000000000004,1.4,3.2,0.41979999999999995,2.8,3.0,0.5666,1.8,3.6,5.4,3.2,0.4,0.6,2.6,1.8,16.2,-7.6
2023-11-08T19:00:00,Washington Wizards,22.366666666666667,4.4,11.0,0.38520000000000004,1.0,3.8,0.11280000000000001,2.2,2.6,0.6599999999999999,1.8,3.2,5.0,3.0,0.2,0.6,1.2,2.4,12.0,-1.4
2023-11-08T19:30:00,Brooklyn Nets,30.093333333333334,4.0,10.8,0.3614,2.2,5.8,0.30720000000000003,0.8,1.2,0.4,1.4,5.0,6.4,3.0,0.6,1.8,1.4,1.0,11.0,1.6
2023-11-08T19:30:00,Los Angeles Clippers,34.36333333333333,5.8,14.4,0.4242,1.2,5.2,0.19340000000000002,2.4,2.4,0.6,1.4,6.2,7.6,3.4,1.4,1.0,2.2,1.8,15.2,-7.0
2023-11-08T19:30:00,New York Knicks,29.076666666666664,6.0,12.8,0.5326,2.8,5.4,0.40280000000000005,2.8,4.2,0.5916,1.8,4.8,6.6,4.2,0.4,0.0,0.4,1.6,17.6,28.0
2023-11-08T19:30:00,San Antonio Spurs,28.263333333333332,5.0,10.0,0.5294000000000001,1.2,3.2,0.45,1.6,2.0,0.4,1.2,4.6,5.8,3.8,0.0,0.8,1.8,3.4,12.8,-17.2
2023-11-08T20:00:00,Chicago Bulls,35.78666666666667,5.8,13.8,0.3548,1.4,4.4,0.27,3.2,4.2,0.43979999999999997,0.8,4.2,5.0,5.0,1.4,0.8,1.8,3.0,16.2,-13.6
2023-11-08T20:00:00,Cleveland Cavaliers,32.94,6.4,12.6,0.557,1.2,3.8,0.2222,2.6,3.4,0.5334,1.8,3.4,5.2,3.8,1.4,0.8,2.0,2.0,16.6,-1.0
2023-11-08T20:00:00,Detroit Pistons,33.95666666666666,5.6,13.8,0.403,0.8,4.0,0.1072,2.4,2.6,0.58,1.8,7.0,8.8,4.2,0.2,0.6,2.2,3.2,14.4,-4.8
2023-11-08T20:00:00,Houston Rockets,25.416666666666668,5.4,9.6,0.5176000000000001,1.8,3.8,0.3666,2.0,2.8,0.6,0.6,5.0,5.6,3.6,0.6,0.0,1.4,2.4,14.6,21.4
2023-11-08T20:00:00,Los Angeles Lakers,25.619999999999997,4.2,9.4,0.352,1.0,3.0,0.2142,1.4,2.0,0.36,0.2,2.6,2.8,2.4,0.4,0.6,1.4,2.0,10.8,-21.0
2023-11-08T20:00:00,Memphis Grizzlies,30.5,4.4,12.2,0.42940000000000006,0.8,4.8,0.1,3.4,4.4,0.5766,1.8,3.2,5.0,2.4,1.2,0.6,1.4,3.6,13.0,-13.2
2023-11-08T20:00:00,Miami Heat,28.059999999999995,5.0,10.0,0.5174000000000001,1.6,3.0,0.3142,4.8,5.4,0.9084,1.2,4.4,5.6,3.0,1.2,1.2,1.8,2.8,16.4,13.0
2023-11-08T20:00:00,Milwaukee Bucks,28.669999999999998,5.6,12.2,0.5134000000000001,1.8,5.2,0.3668,3.6,4.6,0.618,0.4,5.2,5.6,2.4,1.0,1.4,1.0,1.6,16.6,7.4
2023-11-08T20:00:00,Minnesota Timberwolves,28.060000000000002,6.2,10.2,0.6752,2.4,4.6,0.45,2.8,3.8,0.41,1.0,5.2,6.2,3.2,0.8,1.0,2.0,2.6,17.6,21.0
2023-11-08T20:00:00,New Orleans Pelicans,28.669999999999998,5.0,12.4,0.39540000000000003,1.0,3.6,0.27999999999999997,1.8,1.8,0.6,1.0,3.4,4.4,2.6,0.8,0.0,1.8,2.2,12.8,-23.2
2023-11-08T20:00:00,Oklahoma City Thunder,32.126666666666665,6.8,12.4,0.5157999999999999,1.2,2.2,0.62,4.2,4.6,0.5512,1.6,3.8,5.4,3.8,1.6,1.6,2.0,2.6,19.0,1.6
2023-11-08T20:00:00,Phoenix Suns,34.56666666666666,5.8,12.8,0.4502,3.0,6.0,0.403,3.6,4.2,0.6334,2.0,6.2,8.2,5.6,1.2,1.4,3.0,2.4,18.2,12.0
2023-11-08T20:30:00,Dallas Mavericks,31.109999999999996,5.6,12.2,0.576,2.0,5.4,0.3258,2.6,3.6,0.45999999999999996,0.2,4.6,4.8,3.0,0.8,1.0,1.6,2.8,15.8,-1.2
2023-11-08T20:30:00,Toronto Raptors,32.53333333333333,7.4,15.0,0.46679999999999994,0.8,4.2,0.125,3.0,4.6,0.5166000000000001,2.8,5.0,7.8,4.4,1.6,0.6,1.6,3.2,18.6,5.2
2023-11-08T22:00:00,Denver Nuggets,35.17666666666666,7.4,16.2,0.43500000000000005,1.6,5.6,0.2858,2.8,4.0,0.5700000000000001,2.0,5.4,7.4,3.8,1.4,0.8,1.0,2.8,19.2,10.6
2023-11-08T22:00:00,Golden State Warriors,30.29666666666667,4.2,10.2,0.49559999999999993,1.6,5.4,0.1424,2.6,3.6,0.5833999999999999,1.4,5.0,6.4,2.2,0.6,0.0,1.6,2.2,12.6,-9.4
2023-11-08T22:00:00,Portland Trail Blazers,33.14333333333333,6.4,12.8,0.5294,1.6,3.8,0.315,4.0,5.0,0.485,0.6,4.0,4.6,2.4,1.0,0.6,2.4,3.0,18.4,3.0
2023-11-08T22:00:00,Sacramento Kings,33.55,5.2,11.0,0.4728,1.4,4.4,0.20220000000000002,2.0,2.6,0.47620000000000007,2.0,4.4,6.4,3.2,1.6,0.6,2.6,2.6,13.8,0.0
2023-11-09T19:00:00,Indiana Pacers,32.53333333333333,6.4,12.6,0.5176000000000001,2.8,6.2,0.4358000000000001,3.2,3.4,0.9666,1.6,4.8,6.4,4.6,0.6,0.8,1.4,2.0,18.8,12.6
2023-11-09T19:00:00,Milwaukee Bucks,28.669999999999998,6.8,12.8,0.43479999999999996,1.2,3.8,0.2666,4.2,4.8,0.5278,0.8,3.8,4.6,2.8,0.6,0.8,2.2,2.6,19.0,-8.2
2023-11-09T21:30:00,Atlanta Hawks,30.296666666666663,6.0,12.8,0.491,2.4,6.2,0.3324,4.4,5.6,0.6946,1.2,4.2,5.4,3.4,1.2,0.6,2.4,2.6,18.8,7.8
2023-11-09T21:30:00,Orlando Magic,28.669999999999998,5.8,11.0,0.5496000000000001,1.0,1.8,0.2266,2.4,3.8,0.7,2.0,2.8,4.8,2.2,1.6,0.4,2.6,2.8,15.0,-3.0
2023-11-11T18:00:00,Milwaukee Bucks,24.60333333333333,5.6,9.8,0.47219999999999995,1.2,3.2,0.3134,1.2,2.8,0.1834,0.4,2.6,3.0,3.6,1.4,1.0,2.2,2.4,13.6,-7.0
2023-11-11T18:00:00,Orlando Magic,32.94,5.0,11.4,0.3886,1.2,3.2,0.2466,3.6,4.4,0.49139999999999995,1.6,4.2,5.8,3.0,1.0,0.0,1.8,1.6,14.8,6.6
2023-11-11T19:00:00,Boston Celtics,29.686666666666667,7.4,13.2,0.5286,1.8,5.8,0.2274,1.2,2.2,0.26680000000000004,0.2,4.6,4.8,4.2,0.2,0.8,2.0,1.6,17.8,21.0
2023-11-11T19:00:00,Toronto Raptors,26.23,4.4,12.4,0.376,1.0,4.8,0.16099999999999998,2.4,2.6,0.3666,1.2,2.6,3.8,3.0,1.2,0.2,1.2,1.4,12.2,-14.8
2023-11-11T19:30:00,Atlanta Hawks,30.906666666666666,5.6,12.0,0.49240000000000006,1.8,5.0,0.2444,2.4,2.8,0.38180000000000003,1.4,4.2,5.6,4.0,1.2,0.8,2.8,2.0,15.4,-2.6
2023-11-11T19:30:00,Miami Heat,35.17666666666666,5.8,13.0,0.457,1.4,5.6,0.21059999999999998,4.0,4.4,0.7428,1.2,5.0,6.2,3.8,1.4,0.6,2.2,2.2,17.0,3.2
2023-11-11T20:30:00,Cleveland Cavaliers,32.940000000000005,5.4,12.0,0.4760000000000001,1.4,3.0,0.32,5.2,6.0,0.8778,1.6,4.6,6.2,3.8,1.8,0.4,1.8,3.2,17.4,7.0
2023-11-11T20:30:00,Golden State Warriors,26.026666666666664,4.8,11.6,0.4875999999999999,1.8,5.2,0.32060000000000005,2.0,2.4,0.4,2.0,4.2,6.2,2.4,0.2,0.4,2.4,2.8,13.4,-6.4
2023-11-12T12:00:00,Charlotte Hornets,23.18,5.2,9.6,0.5482000000000001,1.2,3.2,0.24,1.0,1.4,0.5,1.4,2.0,3.4,2.6,0.6,0.4,1.4,2.4,12.6,-19.2
2023-11-12T12:00:00,New York Knicks,26.23,6.2,11.2,0.552,1.8,3.8,0.3634,2.4,3.4,0.48339999999999994,1.2,2.8,4.0,1.8,1.4,0.2,1.0,1.4,16.6,11.2
2023-11-12T15:00:00,Brooklyn Nets,29.48333333333333,5.2,13.8,0.3984,1.2,7.2,0.1316,2.2,2.8,0.49139999999999995,2.2,5.6,7.8,1.6,0.6,1.0,1.8,1.8,13.8,12.0
2023-11-12T15:00:00,Washington Wizards,28.060000000000002,3.4,10.8,0.33340000000000003,0.6,4.4,0.075,1.8,3.0,0.33999999999999997,0.8,4.0,4.8,1.8,1.6,0.6,1.6,2.4,9.2,-14.4
2023-11-12T15:30:00,Los Angeles Clippers,31.313333333333333,5.0,12.2,0.41859999999999997,1.2,4.4,0.2144,2.6,3.4,0.7556,1.0,5.2,6.2,3.8,1.6,0.6,2.6,2.8,13.8,-7.8
2023-11-12T15:30:00,Memphis Grizzlies,31.923333333333336,5.0,12.6,0.43999999999999995,1.6,5.4,0.20700000000000002,3.4,4.6,0.6192,1.2,4.4,5.6,4.0,1.0,0.8,2.6,3.4,15.0,9.4
2023-11-12T18:00:00,Indiana Pacers,28.873333333333335,5.8,10.8,0.5751999999999999,1.8,4.4,0.3222,2.4,3.0,0.6166,1.0,2.2,3.2,4.4,0.6,1.4,0.8,1.6,15.8,-9.2
2023-11-12T18:00:00,Philadelphia 76ers,34.160000000000004,9.6,18.0,0.5416000000000001,2.4,5.2,0.3638,3.2,3.6,0.5714,3.6,4.4,8.0,4.4,0.4,1.4,1.8,1.8,24.8,5.6
2023-11-12T19:00:00,Chicago Bulls,33.34666666666667,6.4,14.0,0.41500000000000004,2.0,5.2,0.40259999999999996,2.8,3.0,0.7,1.2,4.0,5.2,3.2,1.2,1.0,0.4,2.6,17.6,7.0
2023-11-12T19:00:00,Dallas Mavericks,25.213333333333335,6.0,10.6,0.4788,2.6,5.4,0.2954,1.8,2.6,0.5599999999999999,0.6,2.4,3.0,3.8,0.6,1.0,1.0,1.4,16.4,12.6
2023-11-12T19:00:00,Denver Nuggets,35.989999999999995,7.6,14.4,0.5157999999999999,1.8,5.0,0.40659999999999996,2.2,2.8,0.3,1.8,6.8,8.6,3.8,0.2,0.8,1.8,2.6,19.2,5.0
2023-11-12T19:00:00,Detroit Pistons,30.093333333333327,4.2,11.4,0.36519999999999997,0.8,3.0,0.18660000000000002,2.2,3.0,0.6428,2.8,4.8,7.6,2.6,0.0,0.8,2.0,2.0,11.4,-14.6
2023-11-12T19:00:00,Houston Rockets,31.92333333333333,5.2,13.0,0.4154,1.0,4.0,0.18319999999999997,3.8,4.6,0.6594,1.2,4.6,5.8,3.2,0.4,0.6,1.8,2.0,15.2,-3.4
2023-11-12T19:00:00,Miami Heat,32.53333333333334,5.4,12.2,0.3856,1.4,3.4,0.2808,4.0,4.4,0.7378,1.6,4.2,5.8,3.8,0.8,0.4,0.4,1.4,16.2,1.4
2023-11-12T19:00:00,New Orleans Pelicans,27.24666666666667,6.4,12.8,0.5048,1.8,4.6,0.331,1.4,2.8,0.35,1.0,4.6,5.6,3.6,0.2,0.4,2.4,1.8,16.0,-20.2
2023-11-12T19:00:00,San Antonio Spurs,34.36333333333333,6.6,15.0,0.46420000000000006,2.4,7.0,0.3766,1.6,1.8,0.5666,1.2,6.8,8.0,4.4,0.4,1.0,3.0,2.6,17.2,-0.6
2023-11-12T20:00:00,Oklahoma City Thunder,34.56666666666666,7.4,14.0,0.4992,1.6,4.2,0.32999999999999996,4.2,5.0,0.675,1.0,4.2,5.2,4.0,1.4,1.2,1.2,3.2,20.6,16.4
2023-11-12T20:00:00,Phoenix Suns,29.076666666666664,3.2,10.4,0.2318,0.8,3.6,0.18660000000000002,5.0,5.8,0.8,1.4,5.2,6.6,2.4,0.6,1.2,2.6,2.4,12.2,-14.6
2023-11-12T20:30:00,Golden State Warriors,27.856666666666666,4.6,11.6,0.3888,1.8,5.6,0.2036,3.2,3.8,0.5833999999999999,2.0,3.8,5.8,3.0,1.0,0.0,1.8,3.0,14.2,-7.2
2023-11-12T20:30:00,Minnesota Timberwolves,35.17666666666667,6.4,12.6,0.5456,1.0,3.8,0.2956,3.2,4.4,0.65,1.6,5.4,7.0,4.6,1.0,1.2,1.6,2.6,17.0,7.8
2023-11-12T22:00:00,Los Angeles Lakers,35.38,6.6,12.6,0.5426,0.4,2.6,0.1332,4.2,4.8,0.8666,1.0,5.6,6.6,4.4,1.4,0.8,1.0,1.2,17.8,9.8
2023-11-12T22:00:00,Portland Trail Blazers,33.75333333333333,6.6,12.8,0.5264,2.0,4.8,0.3,1.4,1.8,0.45999999999999996,0.0,4.2,4.2,4.0,0.2,1.0,2.4,2.6,16.6,-9.8
2023-11-13T19:30:00,Boston Celtics,35.58333333333333,6.6,13.6,0.45780000000000004,2.8,7.0,0.41439999999999994,3.0,3.2,0.76,1.6,3.6,5.2,4.4,0.6,0.6,2.0,3.4,19.0,13.4
2023-11-13T19:30:00,New York Knicks,36.39666666666667,5.8,12.0,0.6022,2.4,5.4,0.36920000000000003,2.6,4.0,0.38360000000000005,1.6,3.8,5.4,2.8,0.6,0.4,1.6,2.4,16.6,-12.8
2023-11-13T19:30:00,Toronto Raptors,29.890000000000004,6.4,13.2,0.45780000000000004,0.0,2.0,0.0,3.2,4.8,0.7452,2.0,4.2,6.2,4.4,1.8,0.2,2.2,1.4,16.0,-2.0
2023-11-13T19:30:00,Washington Wizards,31.72,6.8,13.2,0.5453999999999999,1.8,3.8,0.4608,0.8,1.0,0.33340000000000003,1.0,4.4,5.4,5.2,0.8,0.8,3.2,3.0,16.2,0.6
2023-11-13T20:00:00,Chicago Bulls,32.33,5.6,15.8,0.3478,1.6,6.4,0.2222,3.4,3.8,0.8333999999999999,3.2,4.6,7.8,4.0,0.8,0.6,0.8,2.8,16.2,-1.4
2023-11-13T20:00:00,Milwaukee Bucks,27.043333333333333,5.8,12.6,0.4734,1.6,5.8,0.2954,2.8,4.4,0.38079999999999997,1.4,4.0,5.4,1.8,0.2,0.6,2.4,2.4,16.0,-2.4
2023-11-13T22:00:00,Cleveland Cavaliers,31.92333333333333,6.4,13.4,0.5354,2.4,5.2,0.275,1.8,2.2,0.48339999999999994,2.6,3.6,6.2,3.6,0.6,0.2,1.8,2.0,17.0,-6.6
2023-11-13T22:00:00,Sacramento Kings,31.720000000000006,7.4,11.6,0.6355999999999999,2.8,5.4,0.425,2.4,4.0,0.4232,1.2,4.0,5.2,4.4,0.4,0.4,1.0,2.0,20.0,11.4
2023-11-15T19:00:00,Dallas Mavericks,30.906666666666666,5.2,10.8,0.4598000000000001,1.6,5.4,0.21000000000000002,2.6,3.6,0.4668,1.8,4.2,6.0,4.2,0.8,0.8,1.4,2.0,14.6,11.8
2023-11-15T19:00:00,Washington Wizards,26.23,5.6,10.8,0.6418000000000001,1.4,3.6,0.2738,2.4,3.0,0.5599999999999999,1.2,4.0,5.2,2.8,0.8,0.0,1.4,2.2,15.0,-13.8
2023-11-15T19:30:00,Atlanta Hawks,30.29666666666667,4.6,9.0,0.5394,1.0,2.8,0.2666,1.6,2.8,0.2222,0.2,3.0,3.2,4.2,1.0,0.8,1.6,1.4,11.8,-12.2
2023-11-15T19:30:00,Boston Celtics,34.769999999999996,6.6,14.2,0.4702,3.2,8.6,0.37439999999999996,2.8,3.4,0.3466,1.2,5.0,6.2,3.8,0.8,1.6,1.2,1.6,19.2,7.8
2023-11-15T19:30:00,Milwaukee Bucks,26.43333333333333,5.8,10.4,0.4484,2.8,5.2,0.392,3.2,3.4,0.3876,1.0,3.6,4.6,4.4,1.2,1.4,2.0,2.0,17.6,21.2
2023-11-15T19:30:00,New York Knicks,34.36333333333333,6.2,13.2,0.5458,2.6,5.4,0.36500000000000005,0.8,0.8,0.4,2.0,4.8,6.8,4.4,1.0,0.4,2.0,2.6,15.8,7.4
2023-11-15T19:30:00,Philadelphia 76ers,36.6,6.2,13.2,0.47240000000000004,1.8,4.4,0.3524,3.4,3.6,0.9,1.4,5.0,6.4,3.0,0.6,0.0,1.0,2.0,17.6,-7.2
2023-11-15T19:30:00,Toronto Raptors,27.246666666666663,5.0,11.4,0.409,1.0,3.0,0.2834,3.6,4.4,0.78,2.8,3.2,6.0,4.0,1.6,0.6,2.0,2.8,14.6,-24.0
2023-11-15T20:00:00,Chicago Bulls,33.14333333333333,4.4,11.6,0.3752,1.0,4.0,0.15419999999999998,2.4,2.8,0.7166,1.4,5.0,6.4,1.8,0.8,0.6,2.8,2.6,12.2,0.4
2023-11-15T20:00:00,Orlando Magic,28.46666666666667,4.0,10.8,0.3742,0.8,3.4,0.1572,3.6,4.6,0.79,1.8,3.8,5.6,3.0,1.2,0.2,1.6,2.4,12.4,-1.0
2023-11-15T21:00:00,Minnesota Timberwolves,26.23,5.4,11.2,0.49260000000000004,0.4,2.6,0.1332,2.6,2.6,0.8,1.6,3.0,4.6,2.8,0.8,0.6,1.0,1.8,13.8,-17.8
2023-11-15T21:00:00,Phoenix Suns,28.46666666666667,7.0,11.6,0.5668,2.2,4.2,0.6772,2.6,2.6,0.6,0.4,3.4,3.8,4.0,0.0,0.4,1.4,2.2,18.8,15.6
2023-11-15T22:00:00,Cleveland Cavaliers,34.160000000000004,5.8,9.8,0.5588,1.2,3.8,0.15360000000000001,3.2,4.2,0.6416000000000001,1.2,5.4,6.6,3.4,0.6,1.4,2.4,2.4,16.0,15.8
2023-11-15T22:00:00,Los Angeles Lakers,32.53333333333333,6.8,13.0,0.49239999999999995,2.0,4.6,0.3492,2.0,2.2,0.375,1.0,4.6,5.6,3.4,2.0,1.2,2.8,2.2,17.6,-10.0
2023-11-15T22:00:00,Portland Trail Blazers,27.24666666666667,3.2,11.2,0.23739999999999997,0.8,3.6,0.1734,2.2,2.4,0.5714,1.0,2.6,3.6,2.8,1.0,0.0,1.6,2.6,9.4,-12.4
2023-11-15T22:00:00,Sacramento Kings,36.80333333333333,8.2,15.2,0.5194000000000001,3.0,6.8,0.5328,2.0,2.6,0.6428,1.6,4.8,6.4,4.6,3.0,0.2,2.0,2.6,21.4,17.0
2023-11-16T19:30:00,Brooklyn Nets,30.5,4.8,9.4,0.5578,2.0,4.6,0.3738,3.6,4.6,0.6134000000000001,1.0,4.6,5.6,3.6,0.6,0.6,2.0,2.6,15.2,2.2
2023-11-16T19:30:00,Miami Heat,30.5,6.2,11.4,0.4772,1.8,3.8,0.4,4.0,4.2,0.7817999999999999,1.0,2.2,3.2,2.4,1.2,0.6,1.4,2.2,18.2,3.0
2023-11-16T22:00:00,Golden State Warriors,26.43333333333333,4.6,10.8,0.4154,1.6,4.6,0.3502,2.2,2.4,0.76,1.0,3.0,4.0,3.8,0.6,0.2,2.6,1.6,13.0,-4.2
2023-11-16T22:00:00,Oklahoma City Thunder,27.246666666666663,5.2,12.0,0.458,1.8,3.6,0.48580000000000007,3.2,3.2,0.6,0.8,3.8,4.6,3.0,1.6,0.6,2.4,2.4,15.4,2.8
2023-11-18T18:00:00,Charlotte Hornets,32.940000000000005,5.4,11.8,0.41100000000000003,2.8,5.8,0.2944,1.8,2.0,0.7,0.4,4.6,5.0,4.2,0.8,0.6,2.4,3.2,15.4,-13.4
2023-11-18T18:00:00,New York Knicks,32.736666666666665,7.2,14.0,0.5050000000000001,2.8,5.6,0.36,2.2,3.2,0.44580000000000003,2.2,3.8,6.0,4.4,0.8,0.8,2.0,1.4,19.4,12.0
2023-11-18T19:00:00,Minnesota Timberwolves,32.53333333333333,6.2,10.4,0.6122,1.8,3.8,0.44000000000000006,3.0,3.8,0.515,0.8,4.2,5.0,4.0,0.6,0.6,1.8,3.4,17.2,3.6
2023-11-18T19:00:00,New Orleans Pelicans,33.14333333333333,7.2,14.0,0.5108,1.6,4.4,0.325,3.4,3.8,0.5556,2.0,3.8,5.8,5.0,1.2,1.0,2.2,3.8,19.4,0.6
2023-11-18T20:00:00,Chicago Bulls,33.14333333333333,5.4,11.4,0.477,2.4,6.0,0.4058,2.0,3.0,0.2384,0.6,4.2,4.8,3.6,1.4,0.6,2.0,2.4,15.2,-9.0
2023-11-18T20:00:00,Dallas Mavericks,29.889999999999997,7.8,15.4,0.4668,2.2,6.2,0.22880000000000003,1.0,1.6,0.25,2.0,5.6,7.6,4.0,0.2,0.4,2.2,2.4,18.8,0.6
2023-11-18T20:00:00,Memphis Grizzlies,25.619999999999997,5.0,10.2,0.5122,1.4,4.0,0.3,3.6,4.0,0.3834,1.4,3.0,4.4,2.2,0.6,0.4,1.2,3.4,15.0,-0.2
2023-11-18T20:00:00,Miami Heat,31.923333333333336,4.8,10.2,0.4046,1.6,4.2,0.2838,3.6,3.8,0.55,0.4,4.0,4.4,3.8,1.4,0.0,2.2,2.2,14.8,8.8
2023-11-18T20:00:00,Milwaukee Bucks,30.906666666666666,6.2,12.4,0.3578,1.4,5.2,0.20620000000000002,3.4,4.0,0.5,0.4,5.0,5.4,4.2,1.0,0.6,0.8,2.0,17.2,-2.2
2023-11-18T20:00:00,San Antonio Spurs,28.873333333333335,5.0,10.6,0.47640000000000005,2.0,4.8,0.414,3.8,4.6,0.6416000000000001,2.0,4.0,6.0,3.2,0.6,1.6,1.8,3.0,15.8,-3.6
2023-11-18T20:30:00,Golden State Warriors,36.803333333333335,6.4,13.6,0.46840000000000004,3.4,7.0,0.3968,1.8,2.2,0.5,1.6,4.2,5.8,5.2,0.8,0.6,1.4,2.6,18.0,2.4
2023-11-18T20:30:00,Oklahoma City Thunder,33.55,9.0,16.6,0.4648,1.2,3.2,0.36340000000000006,3.2,3.4,0.7714000000000001,1.6,5.2,6.8,3.6,1.2,1.2,1.6,1.8,22.4,3.0
2023-11-19T15:00:00,Brooklyn Nets,26.839999999999996,4.2,9.4,0.46720000000000006,1.0,2.8,0.3566,1.4,2.2,0.3666,0.8,3.6,4.4,2.6,0.0,0.6,1.8,1.4,10.8,-19.8
2023-11-19T15:00:00,Philadelphia 76ers,30.093333333333334,6.6,13.6,0.6086,2.4,4.8,0.5424,2.6,2.8,0.58,0.8,4.6,5.4,4.8,1.0,0.2,0.6,1.6,18.2,21.6
2023-11-19T16:00:00,Detroit Pistons,26.43333333333333,3.6,10.0,0.38459999999999994,1.0,3.6,0.26,1.8,2.8,0.6666000000000001,1.0,4.4,5.4,2.2,0.4,0.2,2.0,2.6,10.0,-15.2
2023-11-19T16:00:00,Toronto Raptors,26.23,6.6,12.2,0.5814,1.0,3.2,0.2834,2.2,3.2,0.5268,1.6,4.6,6.2,5.8,1.0,0.6,1.0,1.6,16.4,23.0
2023-11-19T17:00:00,Indiana Pacers,21.96,3.6,10.2,0.373,0.6,2.8,0.2332,2.8,3.2,0.7333999999999999,1.0,3.2,4.2,2.4,0.4,1.0,1.6,3.0,10.6,-18.2
2023-11-19T17:00:00,Orlando Magic,22.57,5.0,9.2,0.5244,0.2,1.2,0.1,5.0,5.6,0.9046000000000001,0.8,4.4,5.2,1.0,0.8,1.6,0.6,2.2,15.2,17.8
2023-11-19T18:00:00,Cleveland Cavaliers,29.889999999999997,5.8,9.6,0.5761999999999999,1.2,2.8,0.2666,2.0,3.0,0.41,1.4,5.4,6.8,4.6,0.8,0.8,2.2,2.0,14.8,22.2
2023-11-19T18:00:00,Denver Nuggets,27.65333333333333,4.8,10.6,0.45360000000000006,1.4,3.4,0.3512,2.2,3.4,0.58,1.2,3.2,4.4,3.0,1.2,0.8,1.8,2.4,13.2,-21.2
2023-11-19T19:30:00,Dallas Mavericks,26.636666666666667,4.6,10.4,0.4678,1.4,3.8,0.3024,2.8,3.6,0.5599999999999999,1.6,3.6,5.2,2.0,0.8,0.4,1.2,1.2,13.4,-15.4
2023-11-19T19:30:00,Sacramento Kings,32.940000000000005,7.8,13.4,0.5788,2.4,6.0,0.3558,2.8,3.8,0.6799999999999999,1.8,4.6,6.4,5.4,1.4,0.0,1.2,2.4,20.8,12.4
2023-11-19T20:00:00,Boston Celtics,34.77,5.2,11.6,0.4324,1.0,3.8,0.37520000000000003,3.6,4.2,0.8444,1.4,5.0,6.4,3.4,0.8,2.0,3.2,3.0,15.0,-0.8
2023-11-19T20:00:00,Memphis Grizzlies,30.296666666666663,5.8,14.2,0.4128,2.8,6.4,0.2466,1.4,1.6,0.3714,2.2,3.6,5.8,3.6,1.0,0.6,1.2,3.2,15.8,-1.8
2023-11-19T20:00:00,Phoenix Suns,41.276666666666664,8.2,16.6,0.5198,2.8,6.8,0.3294,4.2,4.6,0.8,1.2,5.6,6.8,5.8,1.2,1.6,3.0,3.8,23.4,6.4
2023-11-19T20:00:00,Utah Jazz,40.260000000000005,6.2,15.4,0.4856,1.4,5.4,0.3934,3.2,4.4,0.6262000000000001,3.6,5.2,8.8,3.4,1.6,0.8,2.0,3.2,17.0,-6.8
2023-11-19T21:00:00,Oklahoma City Thunder,21.55333333333333,4.8,6.6,0.6872,1.0,1.2,0.5334,2.2,2.2,0.6,0.0,2.8,2.8,2.0,0.6,0.4,1.6,1.2,12.8,18.8
2023-11-19T21:00:00,Portland Trail Blazers,23.383333333333333,3.8,8.2,0.49319999999999997,0.8,2.8,0.3066,1.4,2.0,0.3666,0.8,1.8,2.6,2.2,0.8,0.2,1.8,1.6,9.8,-24.6
2023-11-19T21:30:00,Houston Rockets,34.769999999999996,6.6,14.2,0.4548,2.8,6.8,0.41559999999999997,1.0,1.4,0.4666,0.8,3.8,4.6,5.4,1.2,0.4,3.2,3.0,17.0,5.2
2023-11-19T21:30:00,Los Angeles Lakers,31.923333333333336,6.0,12.4,0.40380000000000005,0.8,3.8,0.16,2.6,3.8,0.3984,1.6,4.0,5.6,3.6,2.2,0.2,2.4,1.8,15.4,-1.2
2023-11-20T19:00:00,Boston Celtics,37.61666666666667,6.2,15.8,0.3506,2.0,8.0,0.2072,3.4,5.2,0.43,1.4,5.0,6.4,3.0,0.6,1.4,2.6,2.4,17.8,-16.0
2023-11-20T19:00:00,Charlotte Hornets,39.65,7.2,16.2,0.4182,1.8,4.8,0.2982,3.2,3.4,0.775,3.4,7.0,10.4,4.6,1.4,1.2,2.2,3.0,19.4,14.4
2023-11-20T19:00:00,Denver Nuggets,31.72,6.0,13.2,0.45360000000000006,1.6,4.4,0.2854,1.4,2.0,0.48339999999999994,1.6,4.6,6.2,4.6,0.8,0.8,2.0,1.8,15.0,-0.2
2023-11-20T19:00:00,Detroit Pistons,30.5,5.8,11.2,0.545,0.8,1.4,0.4,3.8,4.0,0.76,1.6,4.8,6.4,2.8,0.8,1.0,2.2,3.2,16.2,3.0
2023-11-20T19:00:00,Milwaukee Bucks,31.109999999999996,8.6,14.0,0.5732,1.4,3.4,0.27,4.2,5.6,0.8016,2.6,5.0,7.6,5.0,0.2,1.2,2.2,1.2,22.8,14.4
2023-11-20T19:00:00,Washington Wizards,29.889999999999997,8.0,14.4,0.5840000000000001,1.0,3.2,0.1466,1.2,1.4,0.3,0.4,2.6,3.0,4.2,0.4,0.8,0.4,2.4,18.2,-8.6
2023-11-20T20:00:00,Chicago Bulls,32.126666666666665,5.8,11.2,0.526,2.0,5.2,0.3666,2.2,2.4,0.95,1.0,3.8,4.8,3.6,0.4,0.6,1.4,1.8,15.8,-19.6
2023-11-20T20:00:00,Los Angeles Clippers,27.043333333333333,5.2,11.2,0.4184,1.6,5.2,0.2166,2.0,2.0,0.8,1.0,4.8,5.8,4.2,1.6,0.4,0.8,0.6,14.0,13.6
2023-11-20T20:00:00,Miami Heat,27.24666666666667,5.0,9.2,0.5641999999999999,1.8,3.2,0.43339999999999995,3.4,4.0,0.5334,1.0,3.6,4.6,4.6,0.6,0.0,0.8,2.4,15.2,9.4
2023-11-20T20:00:00,Minnesota Timberwolves,26.636666666666667,5.4,9.8,0.6724,1.2,3.4,0.24180000000000001,2.8,4.0,0.6286,1.0,3.8,4.8,3.0,1.0,1.0,1.6,2.4,14.8,12.0
2023-11-20T20:00:00,New Orleans Pelicans,25.619999999999997,6.8,10.2,0.6278,1.4,2.2,0.35,2.6,2.8,0.75,0.4,5.4,5.8,4.8,1.2,1.2,0.6,2.2,17.6,33.0
2023-11-20T20:00:00,New York Knicks,29.28,4.4,11.4,0.3728,1.4,4.4,0.2834,3.8,4.8,0.48339999999999994,2.4,5.0,7.4,2.0,1.0,0.4,1.8,2.8,14.0,-14.2
2023-11-20T20:00:00,Sacramento Kings,25.416666666666668,3.6,9.8,0.37439999999999996,1.6,5.6,0.2834,2.2,3.0,0.6,1.4,2.4,3.8,2.2,0.6,0.2,1.4,1.6,11.0,-27.2
2023-11-20T20:00:00,San Antonio Spurs,27.45,4.4,11.6,0.35919999999999996,0.8,5.0,0.13,1.6,2.2,0.65,1.0,4.6,5.6,2.2,0.8,0.6,1.4,1.4,11.2,-15.0
2023-11-20T22:00:00,Golden State Warriors,30.5,4.8,10.2,0.476,3.0,5.6,0.4556,4.6,5.0,0.9334,1.2,4.0,5.2,4.0,0.4,0.0,1.2,2.4,17.2,1.0
2023-11-20T22:00:00,Houston Rockets,32.94,7.0,15.2,0.44820000000000004,1.6,6.0,0.32280000000000003,2.2,2.8,0.8800000000000001,2.2,4.6,6.8,5.0,0.4,0.6,1.4,3.6,17.8,-1.2
2023-11-22T19:00:00,Charlotte Hornets,34.56666666666667,7.2,15.8,0.43600000000000005,2.4,6.0,0.26080000000000003,2.6,3.8,0.3934,2.0,6.4,8.4,4.4,0.8,0.6,2.0,2.2,19.4,-2.2
2023-11-22T19:00:00,Denver Nuggets,34.36333333333333,7.2,14.6,0.47519999999999996,2.4,5.2,0.4436000000000001,2.0,2.4,0.8,2.6,3.4,6.0,4.8,1.2,0.4,1.2,2.8,18.8,2.0
2023-11-22T19:00:00,Orlando Magic,28.263333333333332,5.0,9.2,0.4164,1.0,2.4,0.21000000000000002,2.2,2.6,0.72,1.0,3.6,4.6,3.0,0.6,1.2,2.0,2.2,13.2,0.2
2023-11-22T19:00:00,Washington Wizards,33.34666666666667,7.6,14.6,0.5519999999999999,1.8,4.2,0.37279999999999996,1.6,1.8,0.7,1.8,5.4,7.2,4.2,1.4,0.4,1.6,2.0,18.6,5.4
2023-11-22T19:30:00,Atlanta Hawks,37.413333333333334,7.2,16.6,0.49539999999999995,2.8,6.6,0.3322,4.6,5.0,0.5692,3.4,5.0,8.4,4.0,1.4,1.2,2.2,2.2,21.8,-8.4
2023-11-22T19:30:00,Boston Celtics,33.75333333333334,6.4,13.0,0.4636,2.2,6.4,0.3616,2.6,3.2,0.6556,0.4,5.8,6.2,3.8,0.6,0.6,2.4,2.4,17.6,-1.2
2023-11-22T19:30:00,Brooklyn Nets,39.85333333333333,9.2,17.8,0.5236000000000001,2.4,5.4,0.3466,4.0,4.2,0.7834,3.4,4.6,8.0,5.0,1.0,0.6,2.0,3.0,24.8,-0.6
2023-11-22T19:30:00,Cleveland Cavaliers,27.043333333333333,4.0,7.6,0.5184,1.0,2.2,0.27999999999999997,1.6,2.0,0.6334,0.4,3.6,4.0,3.0,0.4,0.6,2.8,1.2,10.6,-19.0
2023-11-22T19:30:00,Indiana Pacers,33.95666666666666,8.4,13.6,0.6220000000000001,3.4,6.8,0.4800000000000001,2.0,2.4,0.6599999999999999,0.4,3.6,4.0,5.0,1.4,0.8,2.4,2.6,22.2,8.0
2023-11-22T19:30:00,Miami Heat,25.823333333333334,4.6,9.6,0.4892,2.2,4.2,0.38,1.6,2.0,0.5,0.6,3.4,4.0,4.2,0.8,1.0,0.2,2.6,13.0,21.4
2023-11-22T19:30:00,Milwaukee Bucks,31.72,7.2,15.8,0.4856000000000001,1.8,5.2,0.35340000000000005,2.6,3.4,0.6734,2.0,4.6,6.6,4.2,1.6,0.2,1.4,2.8,18.8,3.8
2023-11-22T19:30:00,Toronto Raptors,34.973333333333336,7.6,14.6,0.5491999999999999,1.2,3.6,0.2632,3.8,4.4,0.7236,1.8,5.4,7.2,4.6,1.2,0.4,2.8,1.6,20.2,-5.0
2023-11-22T20:00:00,Chicago Bulls,34.97333333333333,5.6,13.6,0.4072,2.6,6.0,0.3432,3.4,3.4,0.6,2.0,3.6,5.6,3.4,1.2,0.2,1.4,2.8,17.2,-6.4
2023-11-22T20:00:00,Houston Rockets,30.906666666666666,6.4,14.2,0.44939999999999997,2.2,6.2,0.4962,3.4,4.0,0.8168,0.8,5.2,6.0,2.8,0.8,0.8,1.0,2.2,18.4,11.2
2023-11-22T20:00:00,Los Angeles Clippers,31.110000000000003,5.6,11.8,0.4957999999999999,1.6,5.0,0.2332,4.0,5.2,0.8333999999999999,0.6,5.0,5.6,3.6,1.4,0.4,1.6,2.8,16.8,0.4
2023-11-22T20:00:00,Memphis Grizzlies,28.060000000000002,3.8,9.6,0.41319999999999996,0.8,3.4,0.18319999999999997,4.4,5.4,0.63,0.6,3.8,4.4,2.0,0.6,0.8,1.0,2.8,12.8,-12.6
2023-11-22T20:00:00,Minnesota Timberwolves,30.906666666666673,6.2,12.0,0.5248,1.6,3.4,0.3612,1.8,2.2,0.45999999999999996,1.4,5.4,6.8,4.8,1.4,1.2,1.8,3.0,15.8,13.2
2023-11-22T20:00:00,New Orleans Pelicans,31.92333333333333,5.6,11.6,0.43620000000000003,0.2,2.6,0.05,4.2,5.0,0.8594000000000002,1.4,5.0,6.4,2.8,1.0,0.2,1.4,3.8,15.6,-2.8
2023-11-22T20:00:00,Oklahoma City Thunder,29.48333333333333,4.6,10.4,0.43520000000000003,0.6,3.0,0.2332,5.2,6.2,0.4342,1.6,4.2,5.8,3.6,0.8,2.0,1.8,2.6,15.0,8.8
2023-11-22T20:00:00,Philadelphia 76ers,27.45,4.4,11.4,0.40099999999999997,1.2,4.4,0.26,3.8,4.4,0.675,1.2,3.6,4.8,3.0,0.2,1.2,1.6,2.0,13.8,-13.8
2023-11-22T20:00:00,Sacramento Kings,32.126666666666665,5.4,10.8,0.517,2.0,5.2,0.3366,4.2,5.0,0.7114,0.8,3.6,4.4,3.0,0.2,0.2,1.2,3.6,17.0,1.4
2023-11-22T20:00:00,San Antonio Spurs,30.093333333333334,4.8,12.0,0.357,1.4,4.6,0.31,3.4,3.6,0.7666000000000001,1.8,4.8,6.6,4.0,0.2,1.0,0.8,3.0,14.4,0.6
2023-11-22T22:00:00,Golden State Warriors,22.163333333333334,4.4,10.0,0.46699999999999997,1.4,4.4,0.145,2.2,2.4,0.75,0.8,2.8,3.6,3.2,0.2,0.4,1.8,2.2,12.4,-15.6
2023-11-22T22:00:00,Phoenix Suns,29.076666666666664,4.2,10.6,0.3832,1.8,4.2,0.4,7.4,8.4,0.7692,1.4,3.6,5.0,3.8,1.0,0.4,2.6,3.2,17.6,11.6
2023-11-22T22:00:00,Portland Trail Blazers,26.839999999999996,6.4,10.6,0.5954,2.4,4.6,0.5065999999999999,1.6,1.8,0.5666,0.8,3.4,4.2,4.0,0.6,0.8,1.2,2.2,16.8,13.4
2023-11-22T22:00:00,Utah Jazz,32.94,5.6,11.0,0.5576000000000001,1.2,3.4,0.2334,3.2,3.6,0.6666000000000001,2.4,4.2,6.6,3.6,1.0,0.2,2.4,1.0,15.6,-5.2
2023-11-22T22:30:00,Dallas Mavericks,28.669999999999998,5.2,12.8,0.388,2.2,6.6,0.2944,1.8,2.0,0.375,1.4,5.2,6.6,3.0,0.8,0.6,0.6,2.0,14.4,-2.6
2023-11-22T22:30:00,Los Angeles Lakers,31.51666666666667,5.4,11.4,0.4716,1.8,4.4,0.31880000000000003,1.8,2.4,0.5142,1.0,5.6,6.6,3.6,0.2,0.4,1.6,1.4,14.4,0.8
2023-11-25T17:00:00,Oklahoma City Thunder,26.23,5.8,12.2,0.36560000000000004,1.4,3.4,0.2576,2.8,3.0,0.6,1.8,2.6,4.4,3.2,0.4,0.6,0.8,2.8,15.8,-7.2
2023-11-25T17:00:00,Philadelphia 76ers,34.56666666666666,6.2,13.4,0.473,2.0,6.4,0.28159999999999996,7.0,8.2,0.7946000000000001,2.4,5.2,7.6,5.2,0.2,1.6,1.8,3.2,21.4,10.2
2023-11-25T18:00:00,Brooklyn Nets,32.736666666666665,6.4,11.4,0.5944,1.8,4.6,0.3238,2.6,3.0,0.65,1.2,4.6,5.8,4.4,1.6,1.0,1.4,1.4,17.2,17.6
2023-11-25T18:00:00,Miami Heat,25.21333333333333,3.8,9.6,0.3652,1.2,3.8,0.324,0.8,1.0,0.3,1.0,2.6,3.6,2.6,0.8,0.4,2.0,1.4,9.6,-18.4
2023-11-25T19:00:00,Atlanta Hawks,22.976666666666667,5.8,12.0,0.526,2.0,4.2,0.3784,1.8,2.4,0.7,1.8,3.6,5.4,4.4,2.0,0.2,0.8,1.4,15.4,21.6
2023-11-25T19:00:00,Washington Wizards,22.366666666666667,3.6,9.2,0.4144,0.8,4.4,0.15,1.4,1.4,0.6,1.0,3.0,4.0,3.2,0.0,0.4,2.0,1.6,9.4,-21.2
2023-11-25T19:30:00,Cleveland Cavaliers,31.110000000000003,5.6,11.8,0.4854,1.0,2.8,0.1524,3.8,4.4,0.6679999999999999,1.2,4.8,6.0,4.0,2.0,0.6,2.0,1.8,16.0,-6.4
2023-11-25T19:30:00,Los Angeles Lakers,33.95666666666666,6.6,14.0,0.484,1.2,4.4,0.25539999999999996,2.2,2.8,0.3142,1.4,5.2,6.6,4.6,1.4,1.4,2.8,2.0,16.6,5.2
2023-11-25T21:30:00,New Orleans Pelicans,32.33,6.0,14.8,0.397,1.4,5.6,0.1834,2.2,3.6,0.385,1.8,3.4,5.2,3.8,2.0,0.4,2.4,2.2,15.6,-9.2
2023-11-25T21:30:00,Utah Jazz,24.4,3.8,9.0,0.4418,1.2,4.2,0.146,1.4,1.8,0.52,1.0,4.6,5.6,1.4,0.6,0.6,2.4,1.2,10.2,-0.4
2023-11-25T22:30:00,Dallas Mavericks,29.28,5.2,12.2,0.36219999999999997,1.2,4.0,0.2774,1.4,2.0,0.5,1.0,2.8,3.8,2.0,0.8,1.0,1.2,3.0,13.0,-10.8
2023-11-25T22:30:00,Los Angeles Clippers,29.889999999999997,5.0,12.2,0.4032,0.8,4.0,0.1466,3.0,4.0,0.79,1.4,5.8,7.2,3.2,0.2,1.0,1.2,1.4,13.8,18.8
2023-11-26T15:30:00,Milwaukee Bucks,31.110000000000003,5.4,13.4,0.3156,2.0,6.0,0.20600000000000002,4.8,6.4,0.308,1.8,5.0,6.8,2.6,1.8,1.4,1.8,2.2,17.6,6.4
2023-11-26T15:30:00,Portland Trail Blazers,31.72,5.6,13.8,0.5122,1.6,3.8,0.40659999999999996,2.6,3.6,0.5668,2.0,4.4,6.4,3.8,1.8,0.6,2.2,2.8,15.4,-9.8
2023-11-26T18:00:00,Atlanta Hawks,32.126666666666665,5.0,13.2,0.3454,2.4,7.6,0.20600000000000002,2.4,3.8,0.5666,2.0,3.8,5.8,2.8,0.4,0.6,2.2,2.2,14.8,-10.6
2023-11-26T18:00:00,Boston Celtics,32.736666666666665,6.2,14.0,0.4548,1.4,6.4,0.1342,3.0,3.8,0.64,1.8,6.2,8.0,4.4,1.4,0.4,2.4,3.2,16.8,10.0
2023-11-26T18:00:00,Charlotte Hornets,28.46666666666666,6.0,11.0,0.5651999999999999,1.2,3.0,0.3166,1.6,2.8,0.43339999999999995,0.8,3.8,4.6,3.2,0.6,0.8,2.6,2.2,14.8,-8.8
2023-11-26T18:00:00,Memphis Grizzlies,28.873333333333335,3.4,10.0,0.3332,1.2,4.8,0.1618,3.0,4.4,0.38,1.0,2.6,3.6,2.6,0.4,0.6,1.8,1.4,11.0,-15.6
2023-11-26T18:00:00,Minnesota Timberwolves,30.296666666666663,5.8,10.0,0.579,2.0,4.4,0.3166,2.8,3.4,0.6166,0.2,4.2,4.4,4.4,0.6,0.8,2.2,3.2,16.4,14.2
2023-11-26T18:00:00,New York Knicks,31.923333333333336,6.0,12.8,0.4098,1.4,3.8,0.2166,2.2,3.6,0.375,1.8,3.6,5.4,2.8,0.8,0.6,1.2,2.8,15.6,-3.6
2023-11-26T18:00:00,Orlando Magic,27.65333333333333,6.2,10.6,0.5506,1.2,2.8,0.2934,2.0,3.2,0.43339999999999995,0.6,4.6,5.2,3.4,1.2,0.4,1.6,2.8,15.6,4.2
2023-11-26T18:00:00,Phoenix Suns,29.483333333333327,5.2,12.6,0.3618,1.4,4.6,0.1834,2.8,3.4,0.625,1.8,3.8,5.6,4.2,0.6,1.6,1.6,2.8,14.6,2.6
2023-11-26T19:30:00,Brooklyn Nets,33.34666666666667,5.2,10.6,0.5124,3.6,7.4,0.48579999999999995,1.6,2.0,0.275,0.8,4.0,4.8,4.8,0.8,0.2,1.2,2.2,15.6,-1.0
2023-11-26T19:30:00,Chicago Bulls,37.209999999999994,7.2,14.8,0.4986,2.4,5.8,0.3834,2.4,3.0,0.67,1.0,5.0,6.0,3.8,0.4,0.4,1.0,2.6,19.2,5.8
2023-11-26T19:30:00,Cleveland Cavaliers,35.583333333333336,7.2,14.6,0.5234,1.4,4.2,0.1888,1.0,1.2,0.5334,1.6,5.6,7.2,4.2,0.2,1.0,2.4,2.6,16.8,-1.6
2023-11-26T19:30:00,Toronto Raptors,33.95666666666666,5.8,12.6,0.4892,1.0,3.6,0.21000000000000002,2.8,3.8,0.76,2.8,4.8,7.6,3.2,1.2,0.6,1.8,2.0,15.4,3.2
2023-11-26T20:00:00,Denver Nuggets,30.906666666666666,7.8,13.0,0.5942000000000001,2.0,4.0,0.43879999999999997,3.4,3.6,0.7666000000000001,1.6,4.0,5.6,5.2,0.8,0.2,3.0,2.6,21.0,13.0
2023-11-26T20:00:00,San Antonio Spurs,23.383333333333333,4.4,10.0,0.43260000000000004,1.2,3.4,0.25,2.0,2.4,0.33140000000000003,1.4,2.6,4.0,2.6,1.6,0.8,2.0,2.4,12.0,-13.8
2023-11-27T19:00:00,Detroit Pistons,30.906666666666666,6.4,13.4,0.4848,1.0,3.8,0.2192,1.4,2.2,0.38,2.4,5.2,7.6,3.8,1.2,1.4,2.2,3.2,15.2,-3.8
2023-11-27T19:00:00,Indiana Pacers,27.65333333333333,5.4,11.4,0.44700000000000006,1.2,4.8,0.2234,2.6,2.8,0.7778,0.6,3.0,3.6,3.4,1.0,0.8,1.8,2.0,14.6,1.0
2023-11-27T19:00:00,Los Angeles Lakers,28.059999999999995,5.4,10.0,0.5334,1.0,2.4,0.4,1.0,1.8,0.32,0.6,3.4,4.0,3.2,0.6,0.4,1.0,2.0,12.8,-18.6
2023-11-27T19:00:00,Philadelphia 76ers,28.669999999999998,5.6,12.0,0.4742,2.4,5.6,0.45020000000000004,4.0,4.6,0.5444,1.4,3.8,5.2,5.0,1.2,0.2,0.8,2.0,17.6,16.8
2023-11-27T19:00:00,Portland Trail Blazers,32.940000000000005,7.0,13.8,0.48179999999999995,1.2,2.2,0.4332,4.0,4.2,0.9666,1.4,4.4,5.8,3.4,0.8,0.6,1.6,2.0,19.2,0.6
2023-11-27T19:00:00,Washington Wizards,27.45,5.6,11.0,0.5582,0.8,3.0,0.19039999999999999,4.0,4.4,0.8817999999999999,0.8,5.2,6.0,4.4,0.6,0.8,2.0,1.8,16.0,9.2
2023-11-27T21:00:00,New Orleans Pelicans,31.110000000000003,6.0,12.2,0.46020000000000005,0.6,2.6,0.27999999999999997,2.8,3.8,0.43900000000000006,1.2,4.4,5.6,3.6,0.4,0.2,1.2,3.2,15.4,-1.2
2023-11-27T21:00:00,Utah Jazz,28.669999999999998,4.0,10.6,0.4046,2.2,6.6,0.361,3.4,4.2,0.8168,1.4,3.8,5.2,3.4,0.8,0.4,1.2,1.8,13.6,-1.6
2023-11-27T22:30:00,Denver Nuggets,34.97333333333333,6.8,13.0,0.5172,1.4,3.2,0.30720000000000003,2.6,4.2,0.391,2.0,5.4,7.4,4.8,1.2,0.2,1.6,3.0,17.6,13.2
2023-11-27T22:30:00,Los Angeles Clippers,34.97333333333333,5.2,12.8,0.44700000000000006,1.0,3.0,0.2,3.8,4.6,0.825,2.6,4.4,7.0,2.4,0.6,1.0,2.0,2.4,15.2,-5.4
2023-11-29T19:00:00,Detroit Pistons,20.740000000000002,4.0,9.8,0.3862,1.2,3.2,0.2858,1.2,1.2,0.6,1.4,2.8,4.2,1.6,0.6,0.4,1.4,3.4,10.4,-22.6
2023-11-29T19:00:00,Los Angeles Lakers,27.45,6.8,11.6,0.5178,2.0,3.8,0.3594,4.8,5.6,0.7138,1.2,5.0,6.2,3.8,0.6,1.2,1.4,0.4,20.4,25.0
2023-11-29T19:00:00,Orlando Magic,27.043333333333333,5.4,9.4,0.5271999999999999,1.6,2.8,0.33340000000000003,2.4,2.8,0.7,1.2,3.8,5.0,3.0,0.4,0.6,2.2,1.8,14.8,6.4
2023-11-29T19:00:00,Washington Wizards,27.043333333333333,5.6,11.2,0.5833999999999999,1.2,3.0,0.2642,2.6,3.4,0.5766,0.8,2.8,3.6,4.2,1.4,0.6,1.2,1.8,15.0,-8.0
2023-11-29T19:30:00,Phoenix Suns,30.906666666666666,5.4,13.4,0.429,1.0,3.6,0.32999999999999996,3.6,3.6,0.8,1.0,5.2,6.2,4.0,0.4,0.4,1.0,2.0,15.4,-4.4
2023-11-29T19:30:00,Toronto Raptors,34.160000000000004,6.4,13.2,0.5116,1.2,3.0,0.3266,2.6,3.0,0.7,1.6,4.2,5.8,4.2,1.0,1.0,1.0,3.4,16.6,4.6
2023-11-29T20:00:00,Memphis Grizzlies,30.29666666666667,6.4,12.2,0.621,1.6,5.2,0.1658,0.8,0.8,0.2,1.0,4.8,5.8,4.4,1.0,1.8,2.0,2.2,15.2,9.0
2023-11-29T20:00:00,New Orleans Pelicans,32.330000000000005,6.6,10.4,0.6379999999999999,1.0,3.2,0.175,4.6,4.8,0.9833999999999999,1.2,3.8,5.0,5.2,1.2,0.4,2.4,2.4,18.8,15.4
2023-11-29T20:00:00,Philadelphia 76ers,26.026666666666664,5.4,11.4,0.5612,1.8,5.2,0.4066000000000001,1.8,2.0,0.55,0.2,2.2,2.4,2.6,1.2,0.4,3.0,2.2,14.4,-16.0
2023-11-29T20:00:00,Utah Jazz,24.196666666666665,3.8,9.6,0.3882,2.2,4.4,0.4,0.8,1.4,0.33340000000000003,1.0,2.6,3.6,2.6,0.6,0.0,1.8,1.0,10.6,-10.0
2023-11-29T21:00:00,Denver Nuggets,29.48333333333333,7.0,12.6,0.5606000000000001,3.2,6.0,0.5449999999999999,2.6,3.2,0.44160000000000005,1.8,4.2,6.0,6.4,0.8,0.0,0.0,1.6,19.8,23.4
2023-11-29T21:00:00,Houston Rockets,30.906666666666666,6.4,12.2,0.5246000000000001,2.0,6.0,0.2988,1.8,2.4,0.6,0.8,4.0,4.8,4.4,0.2,0.4,1.4,2.4,16.6,-18.0
2023-11-29T22:00:00,Los Angeles Clippers,35.38,8.8,14.8,0.5976000000000001,2.4,4.6,0.4138,2.2,2.8,0.6334,0.8,4.4,5.2,4.0,1.2,1.0,0.6,1.8,22.2,17.6
2023-11-29T22:00:00,Sacramento Kings,28.263333333333332,5.2,11.0,0.4434,1.4,4.2,0.315,3.0,3.4,0.73,1.0,3.6,4.6,3.0,0.2,0.2,1.4,2.8,14.8,-10.0
2023-11-30T19:00:00,Cleveland Cavaliers,35.58333333333333,6.4,14.4,0.47140000000000004,0.8,4.8,0.1056,2.2,2.2,0.6,2.4,4.0,6.4,4.2,1.8,0.4,3.0,2.2,15.8,-1.4
2023-11-30T19:00:00,Portland Trail Blazers,30.5,5.4,9.8,0.5436,1.8,3.8,0.3474,1.8,1.8,0.6,1.0,3.6,4.6,3.8,1.4,0.6,3.4,1.8,14.4,-0.2
2023-11-30T19:30:00,Brooklyn Nets,33.75333333333333,6.4,13.8,0.4962000000000001,2.0,5.2,0.3134,1.2,1.4,0.5334,3.6,4.2,7.8,3.4,1.0,0.6,1.4,0.8,16.0,0.0
2023-11-30T19:30:00,Charlotte Hornets,32.736666666666665,8.0,14.6,0.5643999999999999,3.2,4.4,0.5656000000000001,2.4,2.4,0.8,1.6,4.2,5.8,5.0,0.6,0.8,1.0,1.4,21.6,0.2
2023-11-30T19:30:00,Detroit Pistons,31.72,6.2,10.8,0.5332,1.6,4.2,0.3122,1.0,2.2,0.2666,0.8,4.8,5.6,3.0,0.6,0.2,2.6,2.4,15.0,-0.2
2023-11-30T19:30:00,Indiana Pacers,33.14333333333333,8.0,16.4,0.48580000000000007,2.2,8.2,0.1972,3.6,5.8,0.47620000000000007,1.4,3.4,4.8,4.6,0.8,1.0,1.0,3.0,21.8,-6.4
2023-11-30T19:30:00,Miami Heat,23.79,4.8,9.8,0.49260000000000004,1.4,2.8,0.2334,4.2,4.8,0.48,1.0,3.0,4.0,2.2,0.2,0.2,1.0,2.8,15.2,-3.8
2023-11-30T19:30:00,New York Knicks,29.686666666666667,6.4,13.2,0.406,2.0,5.2,0.22999999999999998,3.6,4.8,0.6134000000000001,2.0,3.4,5.4,3.8,0.8,0.4,1.4,2.2,18.4,4.6
2023-11-30T20:00:00,Atlanta Hawks,30.29666666666667,7.8,15.0,0.532,1.8,4.2,0.3944,3.8,4.4,0.5626,1.2,4.0,5.2,3.8,2.2,0.2,1.6,3.0,21.2,0.2
2023-11-30T20:00:00,Chicago Bulls,37.81999999999999,6.8,14.4,0.49939999999999996,2.0,5.4,0.35940000000000005,2.2,2.8,0.4332,0.6,4.0,4.6,5.0,1.8,0.6,3.4,1.8,17.8,-5.8
2023-11-30T20:00:00,Los Angeles Lakers,31.110000000000003,5.8,11.4,0.4742,2.0,4.4,0.3934,2.8,3.2,0.53,0.8,5.2,6.0,4.0,1.2,0.4,1.8,2.8,16.4,-9.2
2023-11-30T20:00:00,Milwaukee Bucks,37.61666666666666,7.0,14.8,0.46719999999999995,2.6,7.2,0.27,1.8,2.6,0.43,1.4,4.4,5.8,4.8,1.6,1.2,3.4,3.2,18.4,-0.8
2023-11-30T20:00:00,Minnesota Timberwolves,33.75333333333333,6.2,12.2,0.48460000000000003,2.4,4.8,0.4142,1.8,2.2,0.51,1.8,5.2,7.0,4.0,2.0,1.2,2.2,2.8,16.6,12.6
2023-11-30T20:00:00,Oklahoma City Thunder,28.263333333333332,7.4,13.0,0.563,1.4,4.8,0.2934,3.4,3.6,0.76,1.2,4.6,5.8,3.8,1.2,0.4,1.2,2.8,19.6,9.6
2023-11-30T20:00:00,San Antonio Spurs,29.68666666666666,6.6,11.0,0.5506,1.4,3.0,0.4734,3.2,3.4,0.76,1.8,5.4,7.2,4.2,0.8,1.0,3.0,2.4,17.8,0.4
2023-11-30T20:00:00,Utah Jazz,29.076666666666664,3.8,11.4,0.34219999999999995,1.4,4.8,0.2406,1.4,1.4,0.6,2.2,4.6,6.8,2.4,1.0,0.2,2.2,2.6,10.4,-9.2
2023-11-30T22:00:00,Golden State Warriors,27.246666666666663,5.2,11.0,0.4154,1.6,4.8,0.2738,3.2,3.8,0.7056,1.4,3.8,5.2,3.6,0.2,0.6,1.2,2.6,15.2,-4.4
2023-11-30T22:00:00,Los Angeles Clippers,34.160000000000004,6.4,13.8,0.472,2.2,5.2,0.41,1.6,2.2,0.41,1.6,4.2,5.8,3.6,0.8,0.2,0.8,2.4,16.6,3.0
2023-12-01T19:00:00,Orlando Magic,29.48333333333333,5.6,10.2,0.627,1.6,3.0,0.6832,3.8,4.8,0.5913999999999999,1.0,4.8,5.8,5.2,0.6,1.0,1.8,2.6,16.6,1.6
2023-12-01T19:00:00,Washington Wizards,28.263333333333332,5.4,11.4,0.4584,1.0,3.6,0.18660000000000002,3.8,4.8,0.6586000000000001,1.0,4.4,5.4,3.8,0.8,1.0,1.8,3.8,15.6,-4.2
2023-12-01T19:30:00,Boston Celtics,32.736666666666665,6.0,12.0,0.5328,2.2,4.4,0.5,4.8,5.4,0.9056000000000001,0.8,4.8,5.6,3.6,1.6,1.2,3.0,2.4,19.0,8.0
2023-12-01T19:30:00,Dallas Mavericks,30.5,3.8,11.2,0.35240000000000005,1.6,4.8,0.2474,2.0,2.4,0.5266,1.2,3.6,4.8,3.0,1.2,0.6,1.6,1.4,11.2,-12.2
2023-12-01T19:30:00,Memphis Grizzlies,22.976666666666667,4.0,9.4,0.4236000000000001,0.8,2.8,0.13340000000000002,1.2,1.6,0.33340000000000003,1.0,3.4,4.4,3.4,0.6,1.4,1.8,2.8,10.0,11.2
2023-12-01T19:30:00,New York Knicks,30.296666666666663,5.4,12.0,0.5256000000000001,1.0,4.0,0.1584,1.6,1.8,0.7333999999999999,1.2,3.8,5.0,5.2,1.0,0.2,1.6,2.2,13.4,6.2
2023-12-01T19:30:00,Philadelphia 76ers,32.33,6.8,13.8,0.5368,2.2,4.4,0.72,1.8,2.8,0.7366,1.4,4.2,5.6,2.8,1.6,0.6,2.4,3.0,17.6,-5.6
2023-12-01T19:30:00,Toronto Raptors,32.33,6.6,13.4,0.47939999999999994,1.0,4.6,0.1526,2.0,2.6,0.325,2.2,4.8,7.0,4.0,1.2,1.0,2.2,3.0,16.2,-7.0
2023-12-01T20:00:00,New Orleans Pelicans,31.923333333333336,6.0,12.2,0.5204,0.8,3.4,0.175,4.4,4.8,0.9314,1.2,4.4,5.6,4.6,1.4,1.0,1.6,2.0,17.2,13.4
2023-12-01T20:00:00,San Antonio Spurs,26.636666666666667,3.8,9.0,0.4588,1.8,4.2,0.44000000000000006,2.2,2.6,0.7166,1.0,3.4,4.4,2.6,0.6,0.2,2.6,2.0,11.6,-7.8
2023-12-01T22:00:00,Denver Nuggets,32.126666666666665,7.4,12.6,0.6154,1.8,4.4,0.37,1.4,2.2,0.4,0.6,3.4,4.0,6.8,1.4,0.6,1.2,2.4,18.0,5.6
2023-12-01T22:00:00,Phoenix Suns,31.313333333333333,6.4,13.6,0.4024,1.6,4.0,0.2974,4.4,4.8,0.72,0.8,4.0,4.8,4.0,0.6,1.2,2.0,2.2,18.8,-4.6
2023-12-02T16:00:00,Golden State Warriors,30.70333333333333,5.6,13.2,0.4242,2.8,7.0,0.3416,3.4,4.0,0.63,1.2,4.0,5.2,4.4,0.8,0.2,2.0,2.0,17.4,-3.0
2023-12-02T16:00:00,Los Angeles Clippers,31.923333333333336,6.2,11.8,0.5401999999999999,1.8,5.0,0.2772,2.0,2.0,0.4,0.4,5.2,5.6,5.0,0.8,0.6,1.6,3.2,16.2,1.8
2023-12-02T17:00:00,Charlotte Hornets,33.75333333333334,6.4,13.6,0.5064,1.6,3.6,0.3658,3.0,3.4,0.9099999999999999,1.0,3.2,4.2,3.4,1.0,0.4,1.4,3.8,17.4,-8.6
2023-12-02T17:00:00,Minnesota Timberwolves,33.55,6.0,11.2,0.5034,1.6,4.6,0.2286,3.0,3.8,0.5084,1.2,4.6,5.8,3.6,0.2,0.6,1.4,2.2,16.6,8.0
2023-12-02T19:00:00,Brooklyn Nets,32.53333333333334,7.0,14.4,0.5374000000000001,2.6,5.6,0.3746,4.2,5.2,0.6166,1.6,4.4,6.0,3.0,0.2,0.8,1.6,2.8,20.8,14.2
2023-12-02T19:00:00,Cleveland Cavaliers,35.17666666666666,7.0,14.4,0.5222,1.6,4.4,0.2172,2.2,3.2,0.5468,1.4,5.0,6.4,3.6,1.4,0.2,2.2,2.4,17.8,3.0
2023-12-02T19:00:00,Detroit Pistons,31.92333333333333,5.6,11.0,0.5349999999999999,1.0,3.0,0.33999999999999997,2.0,3.4,0.5833999999999999,0.8,6.0,6.8,4.2,1.4,0.6,1.8,2.2,14.2,6.4
2023-12-02T19:00:00,Orlando Magic,24.806666666666665,3.4,9.0,0.4742,0.6,1.6,0.2,2.8,3.4,0.4556,1.0,4.0,5.0,3.2,0.4,0.6,1.2,3.6,10.2,-11.2
2023-12-02T20:00:00,Atlanta Hawks,33.75333333333333,7.4,15.4,0.48360000000000003,2.6,5.4,0.3438,2.8,3.2,0.85,2.6,3.6,6.2,4.0,1.4,0.6,2.0,1.6,20.2,-2.2
2023-12-02T20:00:00,Chicago Bulls,30.90666666666666,6.4,12.6,0.5078,2.6,6.2,0.363,1.2,1.8,0.45,1.2,4.2,5.4,4.8,0.6,1.2,1.6,2.6,16.6,0.6
2023-12-02T20:00:00,Indiana Pacers,29.890000000000004,6.0,10.4,0.554,2.0,4.6,0.3934,1.6,1.8,0.5599999999999999,0.4,3.2,3.6,3.6,0.8,1.2,0.8,2.6,15.6,15.6
2023-12-02T20:00:00,Miami Heat,25.620000000000005,5.2,10.0,0.3588,0.8,2.0,0.33340000000000003,2.8,2.8,0.6,1.0,3.0,4.0,2.6,0.0,0.0,1.0,2.2,14.0,-8.4
2023-12-02T20:00:00,Milwaukee Bucks,34.56666666666667,7.6,12.6,0.571,2.0,4.4,0.36419999999999997,2.0,2.6,0.4934,1.0,4.6,5.6,5.8,1.0,1.0,2.8,1.4,19.2,3.6
2023-12-02T20:00:00,New Orleans Pelicans,31.51666666666667,6.6,11.4,0.5686,0.6,2.2,0.1666,4.0,5.4,0.5356,1.6,4.4,6.0,3.2,1.8,0.2,2.0,2.0,17.8,2.2
2023-12-02T21:00:00,Dallas Mavericks,36.193333333333335,6.6,13.4,0.4934,3.0,7.6,0.2658,3.2,5.0,0.5586,2.6,5.6,8.2,4.6,1.0,2.2,2.4,2.4,19.4,2.2
2023-12-02T21:00:00,Memphis Grizzlies,29.48333333333333,6.0,12.4,0.41719999999999996,1.4,3.6,0.3134,3.0,3.4,0.54,1.2,3.6,4.8,2.2,1.0,1.0,2.0,4.0,16.4,-6.0
2023-12-02T21:00:00,Oklahoma City Thunder,29.483333333333327,5.4,13.6,0.39039999999999997,1.6,4.6,0.35340000000000005,1.8,2.4,0.6,1.8,3.6,5.4,4.2,1.4,1.0,1.8,3.0,14.2,0.2
2023-12-02T21:00:00,Phoenix Suns,30.906666666666666,5.4,11.8,0.4452,1.2,3.4,0.3084,5.4,6.8,0.7762,1.6,4.4,6.0,4.0,1.6,0.6,2.0,2.4,17.4,9.4
2023-12-02T21:30:00,Portland Trail Blazers,34.56666666666667,5.2,12.4,0.4064,1.6,5.0,0.1862,3.4,3.8,0.7333999999999999,1.2,3.8,5.0,2.0,1.6,0.6,1.2,2.8,15.4,-6.4
2023-12-02T21:30:00,Utah Jazz,31.72,4.6,11.0,0.46819999999999995,0.6,4.2,0.1,2.2,3.0,0.52,1.8,5.6,7.4,3.6,0.4,1.2,2.2,2.2,12.0,3.8
2023-12-02T22:00:00,Denver Nuggets,35.17666666666666,8.0,15.6,0.5025999999999999,1.0,4.2,0.2232,2.0,2.8,0.25,1.2,5.6,6.8,6.0,1.4,0.8,1.6,1.8,19.0,-2.2
2023-12-02T22:00:00,Sacramento Kings,32.126666666666665,6.2,13.8,0.4600000000000001,2.2,4.4,0.4800000000000001,1.0,1.4,0.2834,1.0,5.6,6.6,5.2,1.0,0.4,1.4,1.4,15.6,1.0
2023-12-02T22:30:00,Houston Rockets,33.75333333333333,5.4,14.2,0.4138,2.0,5.6,0.3226,1.8,2.0,0.7,1.4,5.8,7.2,3.6,0.8,1.0,2.6,2.6,14.6,-12.8
2023-12-02T22:30:00,Los Angeles Lakers,30.5,5.8,12.6,0.48179999999999995,0.8,3.0,0.16,2.4,3.4,0.4356,1.4,4.8,6.2,3.8,1.6,1.4,1.4,1.4,14.8,8.2
2023-12-06T19:00:00,Cleveland Cavaliers,32.940000000000005,7.8,13.8,0.6046,2.0,4.4,0.25,2.8,3.6,0.48339999999999994,1.6,4.6,6.2,5.0,0.8,0.2,2.6,3.8,20.4,5.4
2023-12-06T19:00:00,Detroit Pistons,30.5,6.0,12.2,0.48860000000000003,1.4,3.8,0.2732,1.8,1.8,1.0,1.0,5.0,6.0,4.4,1.2,0.4,2.6,2.2,15.2,-2.0
2023-12-06T19:00:00,Memphis Grizzlies,26.636666666666667,6.6,12.8,0.413,1.4,3.4,0.2666,2.0,2.4,0.43339999999999995,0.8,4.8,5.6,3.0,1.0,1.2,2.6,1.8,16.6,2.0
2023-12-06T19:00:00,Orlando Magic,25.213333333333335,5.4,10.6,0.5105999999999999,0.2,2.4,0.04,3.6,4.8,0.51,0.6,2.4,3.0,2.8,1.0,0.8,1.2,1.6,14.6,-2.8
2023-12-06T19:00:00,Philadelphia 76ers,34.36333333333333,7.8,14.4,0.4976,1.2,3.4,0.3132,5.2,6.2,0.6834,1.8,4.4,6.2,4.8,1.2,0.4,1.4,1.8,22.0,9.8
2023-12-06T19:00:00,Washington Wizards,29.889999999999997,7.4,12.6,0.5980000000000001,1.4,3.6,0.3,0.8,0.8,0.4,0.4,3.8,4.2,5.8,0.6,1.2,1.4,2.8,17.0,-6.6
2023-12-06T19:30:00,Atlanta Hawks,34.16,6.8,14.8,0.48760000000000003,1.6,4.6,0.2732,2.2,2.4,0.7,1.8,5.0,6.8,4.4,0.4,0.8,2.0,2.4,17.4,4.0
2023-12-06T19:30:00,Brooklyn Nets,29.889999999999997,5.6,13.2,0.38660000000000005,1.4,3.4,0.29,1.8,2.4,0.43339999999999995,0.8,4.0,4.8,3.6,0.6,0.6,1.6,1.4,14.4,-4.2
2023-12-06T19:30:00,Miami Heat,32.12666666666667,6.2,12.8,0.45619999999999994,2.2,5.0,0.5576,1.8,2.4,0.45999999999999996,1.2,6.0,7.2,5.0,1.0,0.8,0.6,1.8,16.4,17.8
2023-12-06T19:30:00,Minnesota Timberwolves,30.296666666666663,4.8,10.4,0.5405999999999999,1.8,4.8,0.3268,3.0,3.4,0.7083999999999999,1.4,7.2,8.6,2.8,0.8,0.8,2.4,2.2,14.4,8.4
2023-12-06T19:30:00,San Antonio Spurs,31.313333333333333,6.0,14.4,0.41580000000000006,1.0,4.2,0.2,1.6,2.6,0.2934,2.0,5.8,7.8,3.2,1.2,0.6,2.0,2.2,14.6,-3.6
2023-12-06T19:30:00,Toronto Raptors,34.16,5.4,12.6,0.4646,1.8,4.6,0.3972,2.6,3.0,0.4,1.6,5.2,6.8,4.6,0.2,1.4,2.0,2.4,15.2,-12.2
2023-12-06T20:00:00,Charlotte Hornets,36.39666666666666,6.6,15.0,0.4452,1.6,5.8,0.2682,2.4,2.4,0.8,2.2,4.6,6.8,3.4,1.6,1.4,2.4,3.0,17.2,-6.8
2023-12-06T20:00:00,Chicago Bulls,33.34666666666667,5.8,13.2,0.46340000000000003,1.6,3.4,0.48579999999999995,4.4,5.4,0.7814,2.6,5.8,8.4,2.8,0.4,1.2,1.6,1.6,17.6,5.2
2023-12-06T20:00:00,Houston Rockets,33.95666666666666,5.8,12.0,0.48599999999999993,1.4,4.0,0.4096,2.2,3.4,0.6910000000000001,1.4,6.2,7.6,4.0,1.0,0.6,3.2,2.0,15.2,7.0
2023-12-06T20:00:00,Oklahoma City Thunder,26.636666666666667,4.6,11.2,0.3204,0.4,2.6,0.08,2.8,3.2,0.5556,0.8,3.2,4.0,3.4,1.8,1.4,1.2,2.4,12.4,-13.2
2023-12-06T20:30:00,Dallas Mavericks,26.636666666666667,7.2,12.2,0.6206,2.4,5.2,0.35419999999999996,1.8,2.6,0.27,0.8,4.6,5.4,4.8,1.6,0.8,1.0,2.0,18.6,30.8
2023-12-06T20:30:00,Utah Jazz,26.026666666666664,4.0,9.6,0.42160000000000003,1.2,3.8,0.1666,1.4,1.6,0.55,1.0,3.6,4.6,2.8,0.4,0.4,2.4,1.8,10.6,-42.0
2023-12-06T22:00:00,Denver Nuggets,33.34666666666667,6.2,14.2,0.4812,1.8,4.4,0.341,0.6,0.6,0.4,2.0,4.2,6.2,4.2,1.0,0.4,1.4,2.2,14.8,3.0
2023-12-06T22:00:00,Golden State Warriors,27.24666666666667,3.8,11.2,0.33740000000000003,1.2,4.8,0.10200000000000001,4.6,4.8,0.9818,1.8,4.4,6.2,2.4,0.2,0.4,1.8,1.6,13.4,-0.8
2023-12-06T22:00:00,Los Angeles Clippers,30.906666666666666,5.4,11.0,0.5142,1.6,3.0,0.31120000000000003,2.4,3.4,0.438,0.8,3.8,4.6,3.4,1.2,0.8,1.6,1.4,14.8,-2.6
2023-12-06T22:00:00,Portland Trail Blazers,28.059999999999995,5.0,13.6,0.29460000000000003,2.2,6.4,0.2212,1.8,2.4,0.4666,1.4,4.0,5.4,3.0,0.2,0.2,1.2,3.2,14.0,0.6
2023-12-08T19:00:00,Atlanta Hawks,35.989999999999995,7.0,16.8,0.42479999999999996,2.4,6.4,0.3154,2.6,2.8,0.95,3.6,5.2,8.8,3.0,0.4,0.2,2.2,2.8,19.0,-6.2
2023-12-08T19:00:00,Charlotte Hornets,33.75333333333333,6.8,12.8,0.5267999999999999,2.0,4.0,0.3942,2.6,2.8,0.75,1.0,3.4,4.4,4.8,0.8,0.8,2.2,1.8,18.2,3.2
2023-12-08T19:00:00,Detroit Pistons,28.669999999999998,4.8,9.2,0.49460000000000004,0.8,2.8,0.19980000000000003,1.2,2.0,0.3834,0.8,4.0,4.8,2.6,0.4,0.2,2.4,1.4,11.6,-19.6
2023-12-08T19:00:00,Orlando Magic,27.043333333333333,6.6,11.2,0.5972,0.8,2.6,0.18,2.2,2.8,0.8714000000000001,1.0,3.4,4.4,2.2,0.8,0.8,0.6,1.8,16.2,20.0
2023-12-08T19:00:00,Philadelphia 76ers,34.160000000000004,6.8,13.6,0.5424,1.8,4.4,0.3572,5.4,6.4,0.64,1.6,5.2,6.8,4.2,0.8,1.2,1.0,1.6,20.8,10.2
2023-12-08T19:00:00,Toronto Raptors,32.53333333333333,6.6,11.8,0.5900000000000001,0.6,3.4,0.1,2.6,3.6,0.65,1.8,3.6,5.4,4.8,1.0,0.2,1.6,2.4,16.4,-4.8
2023-12-08T19:30:00,Boston Celtics,32.33,7.8,14.2,0.5562000000000001,3.0,6.6,0.4332,3.2,3.6,0.95,0.6,3.0,3.6,3.6,1.6,0.8,1.0,3.0,21.8,15.0
2023-12-08T19:30:00,Brooklyn Nets,28.873333333333328,6.2,13.0,0.4986,1.2,3.6,0.3068,0.8,1.2,0.6,1.4,4.4,5.8,3.2,1.0,1.0,1.6,2.4,14.4,17.2
2023-12-08T19:30:00,New York Knicks,27.65333333333333,6.2,12.0,0.5334,1.4,3.8,0.31,2.6,3.8,0.4556,1.4,2.8,4.2,2.8,0.8,0.2,1.8,1.8,16.4,-18.2
2023-12-08T19:30:00,Washington Wizards,26.026666666666664,4.8,9.6,0.4734,0.4,2.2,0.1,1.4,2.0,0.6334,0.6,2.6,3.2,2.6,0.4,1.0,1.6,1.4,11.4,-17.6
2023-12-08T20:00:00,Cleveland Cavaliers,29.28,4.8,11.8,0.40840000000000004,1.4,5.4,0.21139999999999998,2.4,3.6,0.4928,1.6,5.8,7.4,2.8,2.0,0.0,1.6,2.2,13.4,14.8
2023-12-08T20:00:00,Golden State Warriors,32.53333333333333,5.8,11.0,0.6222,2.6,5.4,0.3888,2.8,3.4,0.7666000000000001,1.0,4.0,5.0,3.8,0.2,0.4,3.8,2.8,17.0,1.2
2023-12-08T20:00:00,Memphis Grizzlies,26.43333333333333,4.4,9.4,0.4586,1.6,3.0,0.33340000000000003,1.2,1.2,0.4,0.2,2.0,2.2,2.2,0.2,0.4,1.4,3.0,11.6,-14.6
2023-12-08T20:00:00,Miami Heat,29.28,3.8,10.6,0.3724,1.2,5.0,0.1416,2.0,3.0,0.6048,1.2,3.0,4.2,3.0,0.6,0.6,2.6,2.8,10.8,-14.8
2023-12-08T20:00:00,Minnesota Timberwolves,27.04333333333334,4.6,8.8,0.4311999999999999,1.6,3.0,0.33340000000000003,3.8,4.0,0.7778,2.6,4.0,6.6,3.2,0.4,1.4,1.4,2.2,14.6,17.4
2023-12-08T20:00:00,Oklahoma City Thunder,36.19333333333334,8.2,15.6,0.5154,0.6,3.4,0.2834,5.4,6.2,0.6954,2.0,4.2,6.2,2.6,2.2,1.2,1.2,3.4,22.4,-0.8
2023-12-08T20:30:00,Chicago Bulls,33.55,7.0,15.4,0.4856,1.4,3.2,0.2762,2.4,3.6,0.62,2.6,4.4,7.0,4.6,1.2,0.4,1.4,1.8,17.8,12.6
2023-12-08T20:30:00,San Antonio Spurs,31.313333333333333,4.6,11.6,0.4090000000000001,1.8,6.0,0.23120000000000002,2.2,2.6,0.7,1.4,4.0,5.4,4.0,0.4,1.4,1.8,2.2,13.2,-13.8
2023-12-08T21:00:00,Denver Nuggets,30.703333333333337,5.8,13.2,0.4798,2.0,4.2,0.43339999999999995,2.6,4.0,0.7542,1.8,5.2,7.0,2.2,0.0,1.0,1.4,2.4,16.2,-2.0
2023-12-08T21:00:00,Houston Rockets,33.346666666666664,6.0,13.8,0.4314,2.0,6.4,0.2044,4.6,6.2,0.5793999999999999,1.6,4.8,6.4,3.4,0.4,0.4,1.4,2.4,18.6,3.8
2023-12-08T21:00:00,Phoenix Suns,30.29666666666667,5.0,10.2,0.40940000000000004,1.6,3.8,0.4524,1.8,3.4,0.3834,0.8,3.6,4.4,3.6,1.2,0.6,1.6,2.6,13.4,-2.2
2023-12-08T21:00:00,Sacramento Kings,30.29666666666667,5.2,12.6,0.3476,1.2,4.2,0.1928,2.8,3.6,0.6434,2.4,4.8,7.2,3.0,0.8,0.0,1.4,2.6,14.4,2.4
2023-12-08T22:00:00,Dallas Mavericks,31.110000000000003,7.0,13.4,0.5986,1.2,4.6,0.2714,2.8,3.4,0.625,1.4,4.8,6.2,4.4,1.0,1.0,1.8,2.2,18.0,6.4
2023-12-08T22:00:00,Los Angeles Clippers,36.6,7.4,13.6,0.5035999999999999,2.4,4.8,0.37659999999999993,3.0,3.8,0.5048,1.8,4.4,6.2,3.8,1.4,1.2,1.6,2.6,20.2,16.0
2023-12-08T22:00:00,Portland Trail Blazers,31.51666666666667,6.0,14.4,0.4232,3.2,8.2,0.40659999999999996,2.2,2.4,0.3666,3.0,4.4,7.4,3.0,1.6,0.2,2.2,3.4,17.4,-8.2
2023-12-08T22:00:00,Utah Jazz,30.906666666666666,4.2,9.8,0.41580000000000006,1.0,3.6,0.2,2.0,3.0,0.4534000000000001,1.6,4.6,6.2,2.6,1.2,1.6,1.6,2.0,11.4,-17.6
