Unnamed: 0,Date,Home,Away,OU,Spread,ML_Home,ML_Away,Points,Win_Margin,Days_Rest_Home,Days_Rest_Away,Home_Prob,Away_Prob,Home_Odds,Away_Odds,weekday,home_score,away_score,attendance,overtime,remarks
0,10-24,Denver Nuggets,Los Angeles Lakers,229.0,5.0,-188,158,226,12,7,7,0.5319148936170213,0.6329113924050632,1.88,1.58,Tuesday,119.0,107.0,19842.0,,
0,10-24,Golden State Warriors,Phoenix Suns,235.0,2.5,-148,126,212,-4,7,7,0.6756756756756757,0.7936507936507936,1.48,1.26,Tuesday,104.0,108.0,19842.0,,
0,10-25,Indiana Pacers,Washington Wizards,235.5,5.0,-205,172,263,23,7,7,0.4878048780487805,0.5813953488372093,2.05,1.72,Wednesday,143.0,120.0,19842.0,,
0,10-25,Charlotte Hornets,Atlanta Hawks,236.0,-4.0,152,-180,226,6,7,7,0.6578947368421053,0.5555555555555556,1.5199999999999998,1.7999999999999998,Wednesday,116.0,110.0,19842.0,,
0,10-25,Orlando Magic,Houston Rockets,219.5,4.5,-184,154,202,30,7,7,0.5434782608695652,0.6493506493506493,1.84,1.54,Wednesday,116.0,86.0,19842.0,,
0,10-25,New York Knicks,Boston Celtics,223.0,-4.0,146,-174,212,-4,7,7,0.684931506849315,0.5747126436781609,1.4600000000000002,1.7400000000000002,Wednesday,104.0,108.0,19842.0,,
0,10-25,Miami Heat,Detroit Pistons,218.5,9.5,-450,350,205,1,7,7,0.2222222222222222,0.2857142857142857,4.5,3.5,Wednesday,103.0,102.0,19842.0,,
0,10-25,Brooklyn Nets,Cleveland Cavaliers,218.5,-1.5,106,-124,227,-1,7,7,0.9433962264150942,0.8064516129032259,1.06,1.24,Wednesday,113.0,114.0,19842.0,,
0,10-25,Toronto Raptors,Minnesota Timberwolves,220.5,1.0,-112,-104,191,3,7,7,0.8928571428571428,0.9615384615384616,1.12,1.04,Wednesday,97.0,94.0,19842.0,,
0,10-25,Chicago Bulls,Oklahoma City Thunder,224.5,2.5,-146,124,228,-20,7,7,0.684931506849315,0.8064516129032259,1.4600000000000002,1.24,Wednesday,104.0,124.0,19842.0,,
0,10-25,Memphis Grizzlies,New Orleans Pelicans,224.5,1.0,-112,-104,215,-7,7,7,0.8928571428571428,0.9615384615384616,1.12,1.04,Wednesday,104.0,111.0,19842.0,,
0,10-25,Utah Jazz,Sacramento Kings,234.0,-1.5,106,-124,244,-16,7,7,0.9433962264150942,0.8064516129032259,1.06,1.24,Wednesday,114.0,130.0,19842.0,,
0,10-25,San Antonio Spurs,Dallas Mavericks,231.0,-4.5,164,-196,245,-7,7,7,0.6097560975609756,0.5102040816326531,1.64,1.96,Wednesday,119.0,126.0,19842.0,,
0,10-25,Los Angeles Clippers,Portland Trail Blazers,226.0,9.5,-450,350,234,12,7,7,0.2222222222222222,0.2857142857142857,4.5,3.5,Wednesday,123.0,111.0,19842.0,,
0,10-26,Milwaukee Bucks,Philadelphia 76ers,228.5,6.5,-280,210,235,1,7,7,0.3571428571428571,0.4761904761904761,2.8,2.1,Thursday,118.0,117.0,19842.0,,
0,10-26,Los Angeles Lakers,Phoenix Suns,226.5,6.5,-255,210,195,5,2,2,0.3921568627450981,0.4761904761904761,2.55,2.1,Thursday,100.0,95.0,19842.0,,
0,10-27,Memphis Grizzlies,Denver Nuggets,221.5,-6.0,190,-230,212,-4,2,3,0.5263157894736842,0.4347826086956522,1.9,2.3,Friday,104.0,108.0,19842.0,,
0,10-27,Charlotte Hornets,Detroit Pistons,227.0,4.5,-188,158,210,-12,2,2,0.5319148936170213,0.6329113924050632,1.88,1.58,Friday,99.0,111.0,19842.0,,
0,10-27,Atlanta Hawks,New York Knicks,229.0,-1.0,-102,-116,246,-6,2,2,0.9803921568627452,0.8620689655172414,1.02,1.16,Friday,120.0,126.0,19842.0,,
0,10-27,Boston Celtics,Miami Heat,217.5,8.5,-360,290,230,8,2,2,0.2777777777777778,0.3448275862068966,3.6,2.9,Friday,119.0,111.0,19842.0,,
0,10-27,Cleveland Cavaliers,Oklahoma City Thunder,225.5,2.5,-134,114,213,-3,2,2,0.7462686567164178,0.8771929824561404,1.34,1.14,Friday,105.0,108.0,19842.0,,
0,10-27,San Antonio Spurs,Houston Rockets,224.5,3.5,-156,132,248,4,2,2,0.641025641025641,0.7575757575757576,1.56,1.32,Friday,126.0,122.0,19842.0,OT,
0,10-27,Chicago Bulls,Toronto Raptors,216.0,2.5,-136,116,207,1,2,2,0.7352941176470588,0.8620689655172414,1.36,1.16,Friday,104.0,103.0,19842.0,OT,
0,10-27,Dallas Mavericks,Brooklyn Nets,230.0,6.0,-235,194,245,5,2,2,0.425531914893617,0.5154639175257733,2.35,1.94,Friday,125.0,120.0,19842.0,,
0,10-27,Utah Jazz,Los Angeles Clippers,227.5,-4.5,146,-174,238,2,2,2,0.684931506849315,0.5747126436781609,1.4600000000000002,1.7400000000000002,Friday,120.0,118.0,19842.0,,
0,10-27,Sacramento Kings,Golden State Warriors,237.5,3.5,-162,136,236,-8,2,3,0.6172839506172839,0.7352941176470588,1.62,1.36,Friday,114.0,122.0,19842.0,,
0,10-27,Portland Trail Blazers,Orlando Magic,220.5,-3.5,142,-168,199,-5,2,2,0.7042253521126761,0.5952380952380952,1.42,1.68,Friday,97.0,102.0,19842.0,,
0,10-28,New Orleans Pelicans,New York Knicks,223.5,3.0,-146,124,183,9,3,1,0.684931506849315,0.8064516129032259,1.4600000000000002,1.24,Saturday,96.0,87.0,19842.0,,
0,10-28,Detroit Pistons,Chicago Bulls,213.5,-2.5,120,-142,220,16,1,1,0.8333333333333334,0.7042253521126761,1.2,1.42,Saturday,118.0,102.0,19842.0,,
0,10-28,Washington Wizards,Memphis Grizzlies,230.0,-1.0,-102,-116,219,7,3,1,0.9803921568627452,0.8620689655172414,1.02,1.16,Saturday,113.0,106.0,19842.0,,
0,10-28,Cleveland Cavaliers,Indiana Pacers,221.0,-4.0,150,-178,238,-12,1,3,0.6666666666666666,0.5617977528089888,1.5,1.7799999999999998,Saturday,113.0,125.0,19842.0,,
0,10-28,Toronto Raptors,Philadelphia 76ers,214.5,-5.0,164,-198,221,-7,1,2,0.6097560975609756,0.5050505050505051,1.64,1.98,Saturday,107.0,114.0,19842.0,,
0,10-28,Minnesota Timberwolves,Miami Heat,214.5,8.5,-410,290,196,16,3,1,0.2439024390243902,0.3448275862068966,4.1,2.9,Saturday,106.0,90.0,19842.0,,
0,10-28,Phoenix Suns,Utah Jazz,223.0,5.5,-210,176,230,22,2,1,0.4761904761904761,0.5681818181818182,2.1,1.7599999999999998,Saturday,126.0,104.0,19842.0,,
0,10-29,Oklahoma City Thunder,Denver Nuggets,231.0,-4.0,138,-164,223,-33,2,2,0.7246376811594204,0.6097560975609756,1.38,1.64,Sunday,95.0,128.0,19842.0,,
0,10-29,Houston Rockets,Golden State Warriors,223.0,-7.0,220,-270,201,-11,2,2,0.4545454545454545,0.3703703703703703,2.2,2.7,Sunday,95.0,106.0,19842.0,,
0,10-29,Milwaukee Bucks,Atlanta Hawks,239.5,6.0,-255,210,237,-17,3,2,0.3921568627450981,0.4761904761904761,2.55,2.1,Sunday,110.0,127.0,19842.0,,
0,10-29,Philadelphia 76ers,Portland Trail Blazers,217.0,10.0,-450,350,224,28,1,2,0.2222222222222222,0.2857142857142857,4.5,3.5,Sunday,126.0,98.0,19842.0,,
0,10-29,Sacramento Kings,Los Angeles Lakers,235.5,2.5,-142,120,259,5,2,3,0.7042253521126761,0.8333333333333334,1.42,1.2,Sunday,132.0,127.0,19842.0,OT,
0,10-29,Los Angeles Clippers,San Antonio Spurs,229.5,9.0,-375,300,206,40,2,2,0.2666666666666666,0.3333333333333333,3.75,3.0,Sunday,123.0,83.0,19842.0,,
0,10-30,Washington Wizards,Boston Celtics,231.5,-10.5,420,-560,233,-19,2,3,0.238095238095238,0.1785714285714285,4.2,5.6,Monday,107.0,126.0,19842.0,,
0,10-30,Charlotte Hornets,Brooklyn Nets,227.5,-2.0,108,-126,254,-12,3,3,0.9259259259259258,0.7936507936507936,1.08,1.26,Monday,121.0,133.0,19842.0,,
0,10-30,Indiana Pacers,Chicago Bulls,230.0,3.5,-162,136,217,-7,2,2,0.6172839506172839,0.7352941176470588,1.62,1.36,Monday,105.0,112.0,19842.0,,
0,10-30,Atlanta Hawks,Minnesota Timberwolves,228.0,-2.0,118,-136,240,14,1,2,0.8474576271186441,0.7352941176470588,1.18,1.36,Monday,127.0,113.0,19842.0,,
0,10-30,Toronto Raptors,Portland Trail Blazers,217.0,10.0,-450,350,190,-8,2,1,0.2222222222222222,0.2857142857142857,4.5,3.5,Monday,91.0,99.0,19842.0,,
0,10-30,Memphis Grizzlies,Dallas Mavericks,222.0,1.5,-118,100,235,-15,2,3,0.8474576271186441,1.0,1.18,1.0,Monday,110.0,125.0,19842.0,,
0,10-30,New Orleans Pelicans,Golden State Warriors,221.0,2.5,-144,122,232,-28,2,1,0.6944444444444444,0.819672131147541,1.44,1.22,Monday,102.0,130.0,19842.0,,
0,10-30,Oklahoma City Thunder,Detroit Pistons,224.5,6.5,-295,220,236,12,1,2,0.3389830508474576,0.4545454545454545,2.95,2.2,Monday,124.0,112.0,19842.0,,
0,10-30,Milwaukee Bucks,Miami Heat,226.0,7.5,-320,260,236,8,1,2,0.3125,0.3846153846153846,3.2,2.6,Monday,122.0,114.0,19842.0,,
0,10-30,Denver Nuggets,Utah Jazz,225.0,9.0,-405,320,212,8,1,2,0.2469135802469136,0.3125,4.05,3.2,Monday,110.0,102.0,19842.0,,
0,10-30,Los Angeles Lakers,Orlando Magic,219.5,3.5,-164,138,209,3,1,3,0.6097560975609756,0.7246376811594204,1.64,1.38,Monday,106.0,103.0,19842.0,,
0,10-31,Cleveland Cavaliers,New York Knicks,213.0,-1.5,102,-120,200,-18,3,3,0.9803921568627452,0.8333333333333334,1.02,1.2,Tuesday,91.0,109.0,19842.0,,
0,10-31,Phoenix Suns,San Antonio Spurs,224.5,7.0,-300,245,229,-1,3,2,0.3333333333333333,0.4081632653061224,3.0,2.45,Tuesday,114.0,115.0,19842.0,,
0,10-31,Los Angeles Clippers,Orlando Magic,220.5,6.5,-260,215,220,16,2,1,0.3846153846153846,0.4651162790697674,2.6,2.15,Tuesday,118.0,102.0,19842.0,,
0,11-01,Toronto Raptors,Milwaukee Bucks,223.5,-4.5,160,-190,241,19,2,2,0.625,0.5263157894736842,1.6,1.9,Wednesday,130.0,111.0,16912.0,,
0,11-01,Detroit Pistons,Portland Trail Blazers,216.5,3.5,-162,136,211,-9,2,2,0.6172839506172839,0.7352941176470588,1.62,1.36,Wednesday,101.0,110.0,16912.0,,
0,11-01,Boston Celtics,Indiana Pacers,233.5,13.5,-850,590,259,51,2,2,0.1176470588235294,0.1694915254237288,8.5,5.9,Wednesday,155.0,104.0,16912.0,,
0,11-01,Atlanta Hawks,Washington Wizards,240.5,9.0,-430,350,251,9,2,2,0.2325581395348837,0.2857142857142857,4.3,3.5,Wednesday,130.0,121.0,16912.0,,
0,11-01,New York Knicks,Cleveland Cavaliers,210.5,5.5,-225,188,184,-6,1,1,0.4444444444444444,0.5319148936170213,2.25,1.88,Wednesday,89.0,95.0,16912.0,,
0,11-01,Miami Heat,Brooklyn Nets,222.5,6.5,-310,230,214,-4,2,2,0.3225806451612903,0.4347826086956522,3.1,2.3,Wednesday,105.0,109.0,16912.0,,
0,11-01,Oklahoma City Thunder,New Orleans Pelicans,227.5,3.5,-154,130,216,-4,2,2,0.6493506493506493,0.7692307692307692,1.54,1.3,Wednesday,106.0,110.0,16912.0,,
0,11-01,Houston Rockets,Charlotte Hornets,222.0,3.0,-154,130,247,9,3,2,0.6493506493506493,0.7692307692307692,1.54,1.3,Wednesday,128.0,119.0,16912.0,,
0,11-01,Minnesota Timberwolves,Denver Nuggets,219.5,-2.5,114,-134,199,21,2,2,0.8771929824561404,0.7462686567164178,1.14,1.34,Wednesday,110.0,89.0,16912.0,,
0,11-01,Dallas Mavericks,Chicago Bulls,220.5,4.0,-164,138,219,9,2,2,0.6097560975609756,0.7246376811594204,1.64,1.38,Wednesday,114.0,105.0,16912.0,,
0,11-01,Utah Jazz,Memphis Grizzlies,225.5,2.0,-130,110,242,24,2,2,0.7692307692307692,0.9090909090909092,1.3,1.1,Wednesday,133.0,109.0,16912.0,,
0,11-01,Golden State Warriors,Sacramento Kings,228.0,6.5,-255,210,203,1,2,3,0.3921568627450981,0.4761904761904761,2.55,2.1,Wednesday,102.0,101.0,16912.0,,
0,11-01,Los Angeles Lakers,Los Angeles Clippers,227.5,3.0,-144,122,255,5,2,1,0.6944444444444444,0.819672131147541,1.44,1.22,Wednesday,130.0,125.0,16912.0,OT,
0,11-02,Philadelphia 76ers,Toronto Raptors,214.5,7.5,-295,240,213,15,4,1,0.3389830508474576,0.4166666666666667,2.95,2.4,Thursday,114.0,99.0,16912.0,,
0,11-02,New Orleans Pelicans,Detroit Pistons,215.5,4.5,-194,162,241,9,1,1,0.5154639175257733,0.6172839506172839,1.94,1.62,Thursday,125.0,116.0,16912.0,,
0,11-02,Utah Jazz,Orlando Magic,224.0,-1.5,102,-120,228,-2,1,2,0.9803921568627452,0.8333333333333334,1.02,1.2,Thursday,113.0,115.0,16912.0,,
0,11-02,Phoenix Suns,San Antonio Spurs,229.5,10.5,-490,380,253,-11,2,2,0.2040816326530612,0.2631578947368421,4.9,3.8,Thursday,121.0,132.0,16912.0,,
0,11-03,Indiana Pacers,Cleveland Cavaliers,230.5,-2.5,120,-142,237,5,2,2,0.8333333333333334,0.7042253521126761,1.2,1.42,Friday,121.0,116.0,16912.0,,In-Season Tournament
0,11-03,Milwaukee Bucks,New York Knicks,224.5,5.5,-225,188,215,5,2,2,0.4444444444444444,0.5319148936170213,2.25,1.88,Friday,110.0,105.0,16912.0,,In-Season Tournament
0,11-03,Chicago Bulls,Brooklyn Nets,221.0,4.0,-178,150,216,-2,2,2,0.5617977528089888,0.6666666666666666,1.7799999999999998,1.5,Friday,107.0,109.0,16912.0,,In-Season Tournament
0,11-03,Oklahoma City Thunder,Golden State Warriors,225.0,-6.0,205,-250,280,-2,2,2,0.4878048780487805,0.4,2.05,2.5,Friday,139.0,141.0,16912.0,,In-Season Tournament
0,11-03,Miami Heat,Washington Wizards,224.5,8.5,-405,320,235,7,2,2,0.2469135802469136,0.3125,4.05,3.2,Friday,121.0,114.0,16912.0,,In-Season Tournament
0,11-03,Denver Nuggets,Dallas Mavericks,229.5,5.5,-265,200,239,11,2,2,0.3773584905660377,0.5,2.65,2.0,Friday,125.0,114.0,16912.0,,In-Season Tournament
0,11-03,Portland Trail Blazers,Memphis Grizzlies,220.0,-3.5,138,-164,228,2,2,2,0.7246376811594204,0.6097560975609756,1.38,1.64,Friday,115.0,113.0,16912.0,OT,In-Season Tournament
0,11-04,Philadelphia 76ers,Phoenix Suns,220.5,6.5,-260,215,212,12,2,2,0.3846153846153846,0.4651162790697674,2.6,2.15,Saturday,112.0,100.0,16912.0,,
0,11-04,Indiana Pacers,Charlotte Hornets,240.5,4.5,-265,200,249,-1,1,3,0.3773584905660377,0.5,2.65,2.0,Saturday,124.0,125.0,16912.0,,
0,11-04,New Orleans Pelicans,Atlanta Hawks,237.5,2.0,-134,114,228,-18,2,3,0.7462686567164178,0.8771929824561404,1.34,1.14,Saturday,105.0,123.0,16912.0,,
0,11-04,Orlando Magic,Los Angeles Lakers,222.5,-3.5,136,-162,221,19,2,3,0.7352941176470588,0.6172839506172839,1.36,1.62,Saturday,120.0,101.0,16912.0,,
0,11-04,Minnesota Timberwolves,Utah Jazz,224.5,8.0,-320,260,218,28,3,2,0.3125,0.3846153846153846,3.2,2.6,Saturday,123.0,95.0,16912.0,,
0,11-04,Brooklyn Nets,Boston Celtics,227.0,-10.0,370,-480,238,-10,1,3,0.2702702702702702,0.2083333333333333,3.7000000000000006,4.8,Saturday,114.0,124.0,16912.0,,
0,11-04,Houston Rockets,Sacramento Kings,221.0,-2.5,120,-142,196,18,3,3,0.8333333333333334,0.7042253521126761,1.2,1.42,Saturday,107.0,89.0,16912.0,,
0,11-04,Denver Nuggets,Chicago Bulls,217.5,9.0,-420,330,224,22,1,1,0.238095238095238,0.303030303030303,4.2,3.3,Saturday,123.0,101.0,16912.0,,
0,11-05,Detroit Pistons,Phoenix Suns,218.0,-3.5,138,-164,226,-14,3,1,0.7246376811594204,0.6097560975609756,1.38,1.64,Sunday,106.0,120.0,16912.0,,
0,11-05,San Antonio Spurs,Toronto Raptors,222.0,-3.5,138,-164,239,-7,3,3,0.7246376811594204,0.6097560975609756,1.38,1.64,Sunday,116.0,123.0,16912.0,OT,
0,11-05,Cleveland Cavaliers,Golden State Warriors,223.0,1.5,-120,102,219,11,2,2,0.8333333333333334,0.9803921568627452,1.2,1.02,Sunday,115.0,104.0,16912.0,,
0,11-05,Dallas Mavericks,Charlotte Hornets,235.0,11.5,-590,440,242,6,2,1,0.1694915254237288,0.2272727272727272,5.9,4.4,Sunday,124.0,118.0,16912.0,,
0,11-05,Portland Trail Blazers,Memphis Grizzlies,219.0,-3.5,130,-154,212,-12,2,2,0.7692307692307692,0.6493506493506493,1.3,1.54,Sunday,100.0,112.0,16912.0,,
0,11-06,Indiana Pacers,San Antonio Spurs,239.0,8.5,-375,300,263,41,2,1,0.2666666666666666,0.3333333333333333,3.75,3.0,Monday,152.0,111.0,16912.0,,
0,11-06,Detroit Pistons,Golden State Warriors,224.5,-9.0,320,-405,229,-11,1,1,0.3125,0.2469135802469136,3.2,4.05,Monday,109.0,120.0,16912.0,,
0,11-06,Philadelphia 76ers,Washington Wizards,229.0,11.0,-560,430,274,18,2,3,0.1785714285714285,0.2325581395348837,5.6,4.3,Monday,146.0,128.0,16912.0,,
0,11-06,Orlando Magic,Dallas Mavericks,230.5,-1.5,-104,-112,219,-15,2,1,0.9615384615384616,0.8928571428571428,1.04,1.12,Monday,102.0,117.0,16912.0,,
0,11-06,Miami Heat,Los Angeles Lakers,222.5,1.5,-126,108,215,1,3,2,0.7936507936507936,0.9259259259259258,1.26,1.08,Monday,108.0,107.0,16912.0,,
0,11-06,New York Knicks,Los Angeles Clippers,223.0,1.0,-116,-102,208,14,3,5,0.8620689655172414,0.9803921568627452,1.16,1.02,Monday,111.0,97.0,16912.0,,
0,11-06,Brooklyn Nets,Milwaukee Bucks,232.5,-4.5,158,-225,254,-4,2,3,0.6329113924050632,0.4444444444444444,1.58,2.25,Monday,125.0,129.0,16912.0,,
0,11-06,Houston Rockets,Sacramento Kings,213.5,2.5,-164,128,219,25,2,2,0.6097560975609756,0.78125,1.64,1.28,Monday,122.0,97.0,16912.0,,
0,11-06,Oklahoma City Thunder,Atlanta Hawks,238.5,3.5,-148,116,243,9,3,2,0.6756756756756757,0.8620689655172414,1.48,1.16,Monday,126.0,117.0,16912.0,,
0,11-06,Chicago Bulls,Utah Jazz,234.5,6.5,-225,172,243,17,2,2,0.4444444444444444,0.5813953488372093,2.25,1.72,Monday,130.0,113.0,16912.0,,
0,11-06,Minnesota Timberwolves,Boston Celtics,217.5,-2.5,-113,-113,223,5,2,2,0.8849557522123894,0.8849557522123894,1.13,1.13,Monday,114.0,109.0,16912.0,OT,
0,11-06,Denver Nuggets,New Orleans Pelicans,229.5,-3.5,164,-215,250,18,2,2,0.6097560975609756,0.4651162790697674,1.64,2.15,Monday,134.0,116.0,16912.0,,
0,11-08,Indiana Pacers,Utah Jazz,243.0,6.0,-240,198,252,16,2,2,0.4166666666666667,0.5050505050505051,2.4,1.98,Wednesday,134.0,118.0,16912.0,,
0,11-08,Philadelphia 76ers,Boston Celtics,229.5,-2.5,110,-130,209,3,2,2,0.9090909090909092,0.7692307692307692,1.1,1.3,Wednesday,106.0,103.0,16912.0,,
0,11-08,Charlotte Hornets,Washington Wizards,239.0,2.0,-130,110,248,-16,3,2,0.7692307692307692,0.9090909090909092,1.3,1.1,Wednesday,116.0,132.0,16912.0,,
0,11-08,New York Knicks,San Antonio Spurs,223.5,9.0,-390,310,231,21,2,2,0.2564102564102564,0.3225806451612903,3.9,3.1,Wednesday,126.0,105.0,16912.0,,
0,11-08,Brooklyn Nets,Los Angeles Clippers,231.5,-5.5,180,-215,193,7,2,2,0.5555555555555556,0.4651162790697674,1.7999999999999998,2.15,Wednesday,100.0,93.0,16912.0,,
0,11-08,Minnesota Timberwolves,New Orleans Pelicans,216.0,9.5,-420,330,223,21,2,2,0.238095238095238,0.303030303030303,4.2,3.3,Wednesday,122.0,101.0,16912.0,,
0,11-08,Houston Rockets,Los Angeles Lakers,222.0,-2.0,108,-126,222,34,2,2,0.9259259259259258,0.7936507936507936,1.08,1.26,Wednesday,128.0,94.0,16912.0,,
0,11-08,Memphis Grizzlies,Miami Heat,217.0,-2.0,112,-132,210,-6,3,2,0.8928571428571428,0.7575757575757576,1.12,1.32,Wednesday,102.0,108.0,16912.0,,
0,11-08,Chicago Bulls,Phoenix Suns,218.0,-1.0,-102,-116,231,-1,2,3,0.9803921568627452,0.8620689655172414,1.02,1.16,Wednesday,115.0,116.0,16912.0,OT,
0,11-08,Milwaukee Bucks,Detroit Pistons,227.0,12.0,-650,480,238,2,2,2,0.1538461538461538,0.2083333333333333,6.5,4.8,Wednesday,120.0,118.0,16912.0,,
0,11-08,Oklahoma City Thunder,Cleveland Cavaliers,227.5,-2.0,110,-130,248,8,2,3,0.9090909090909092,0.7692307692307692,1.1,1.3,Wednesday,128.0,120.0,16912.0,,
0,11-08,Dallas Mavericks,Toronto Raptors,225.5,4.0,-168,142,243,-11,2,3,0.5952380952380952,0.7042253521126761,1.68,1.42,Wednesday,116.0,127.0,16912.0,,
0,11-08,Denver Nuggets,Golden State Warriors,228.5,4.5,-192,148,213,3,2,2,0.5208333333333334,0.6756756756756757,1.92,1.48,Wednesday,108.0,105.0,16912.0,,
0,11-08,Sacramento Kings,Portland Trail Blazers,221.0,8.0,-330,265,239,3,2,3,0.303030303030303,0.3773584905660377,3.3,2.65,Wednesday,121.0,118.0,16912.0,OT,
0,11-09,Indiana Pacers,Milwaukee Bucks,239.5,-1.0,-104,-112,250,2,1,1,0.9615384615384616,0.8928571428571428,1.04,1.12,Thursday,126.0,124.0,16912.0,,
0,11-09,Orlando Magic,Atlanta Hawks,232.5,-3.5,130,-154,239,-1,3,3,0.7692307692307692,0.6493506493506493,1.3,1.54,Thursday,119.0,120.0,16912.0,,
0,11-10,Detroit Pistons,Philadelphia 76ers,224.0,-9.0,300,-375,220,-8,2,2,0.3333333333333333,0.2666666666666666,3.0,3.75,Friday,106.0,114.0,16912.0,,In-Season Tournament
0,11-10,Washington Wizards,Charlotte Hornets,240.5,3.0,-154,130,241,-7,2,2,0.6493506493506493,0.7692307692307692,1.54,1.3,Friday,117.0,124.0,16912.0,,In-Season Tournament
0,11-10,Boston Celtics,Brooklyn Nets,229.5,12.0,-750,530,228,14,2,2,0.1333333333333333,0.1886792452830188,7.5,5.3,Friday,121.0,107.0,16912.0,,In-Season Tournament
0,11-10,San Antonio Spurs,Minnesota Timberwolves,225.0,-7.5,235,-290,227,-7,2,2,0.425531914893617,0.3448275862068966,2.35,2.9,Friday,110.0,117.0,16912.0,,In-Season Tournament
0,11-10,Houston Rockets,New Orleans Pelicans,219.5,3.0,-154,130,205,3,2,2,0.6493506493506493,0.7692307692307692,1.54,1.3,Friday,104.0,101.0,16912.0,,In-Season Tournament
0,11-10,Memphis Grizzlies,Utah Jazz,230.5,5.0,-190,160,248,-6,2,2,0.5263157894736842,0.625,1.9,1.6,Friday,121.0,127.0,16912.0,,In-Season Tournament
0,11-10,Dallas Mavericks,Los Angeles Clippers,236.0,1.5,-118,100,270,18,2,2,0.8474576271186441,1.0,1.18,1.0,Friday,144.0,126.0,16912.0,,In-Season Tournament
0,11-10,Sacramento Kings,Oklahoma City Thunder,231.5,1.5,100,-128,203,7,2,2,1.0,0.78125,1.0,1.28,Friday,105.0,98.0,16912.0,,In-Season Tournament
0,11-10,Phoenix Suns,Los Angeles Lakers,224.5,-1.5,112,-142,241,-3,2,2,0.8928571428571428,0.7042253521126761,1.12,1.42,Friday,119.0,122.0,16912.0,,In-Season Tournament
0,11-11,Orlando Magic,Milwaukee Bucks,226.5,-2.5,118,-138,209,15,2,2,0.8474576271186441,0.7246376811594204,1.18,1.38,Saturday,112.0,97.0,16912.0,,
0,11-11,Boston Celtics,Toronto Raptors,222.5,9.0,-390,310,211,23,1,3,0.2564102564102564,0.3225806451612903,3.9,3.1,Saturday,117.0,94.0,16912.0,,
0,11-11,Atlanta Hawks,Miami Heat,227.5,7.5,-310,250,226,-8,2,3,0.3225806451612903,0.4,3.1,2.5,Saturday,109.0,117.0,16912.0,,
0,11-11,Golden State Warriors,Cleveland Cavaliers,224.0,4.5,-178,150,228,-8,3,3,0.5617977528089888,0.6666666666666666,1.7799999999999998,1.5,Saturday,110.0,118.0,16912.0,,
0,11-12,New York Knicks,Charlotte Hornets,224.0,10.5,-560,420,236,22,4,2,0.1785714285714285,0.238095238095238,5.6,4.2,Sunday,129.0,107.0,16912.0,,
0,11-12,Brooklyn Nets,Washington Wizards,233.5,7.0,-270,220,196,8,2,2,0.3703703703703703,0.4545454545454545,2.7,2.2,Sunday,102.0,94.0,16912.0,,
0,11-12,Los Angeles Clippers,Memphis Grizzlies,224.5,8.0,-340,275,206,-4,2,2,0.2941176470588235,0.3636363636363636,3.4,2.75,Sunday,101.0,105.0,16912.0,,
0,11-12,Philadelphia 76ers,Indiana Pacers,237.0,7.0,-260,215,263,11,2,3,0.3846153846153846,0.4651162790697674,2.6,2.15,Sunday,137.0,126.0,16912.0,,
0,11-12,San Antonio Spurs,Miami Heat,221.5,-2.0,108,-126,231,-5,2,1,0.9259259259259258,0.7936507936507936,1.08,1.26,Sunday,113.0,118.0,16912.0,,
0,11-12,Houston Rockets,Denver Nuggets,215.5,-4.5,164,-196,211,3,2,4,0.6097560975609756,0.5102040816326531,1.64,1.96,Sunday,107.0,104.0,16912.0,,
0,11-12,Chicago Bulls,Detroit Pistons,219.5,6.5,-250,205,227,11,4,2,0.4,0.4878048780487805,2.5,2.05,Sunday,119.0,108.0,16912.0,,
0,11-12,New Orleans Pelicans,Dallas Mavericks,237.0,-3.5,138,-164,260,-12,2,2,0.7246376811594204,0.6097560975609756,1.38,1.64,Sunday,124.0,136.0,16912.0,,
0,11-12,Phoenix Suns,Oklahoma City Thunder,231.5,3.5,-168,142,210,-12,2,2,0.5952380952380952,0.7042253521126761,1.68,1.42,Sunday,99.0,111.0,16912.0,,
0,11-12,Golden State Warriors,Minnesota Timberwolves,222.0,3.5,-156,132,226,-6,1,2,0.641025641025641,0.7575757575757576,1.56,1.32,Sunday,110.0,116.0,16912.0,,
0,11-12,Los Angeles Lakers,Portland Trail Blazers,220.5,8.5,-375,300,226,6,2,4,0.2666666666666666,0.3333333333333333,3.75,3.0,Sunday,116.0,110.0,16912.0,,
0,11-13,Boston Celtics,New York Knicks,220.0,9.5,-420,330,212,16,2,1,0.238095238095238,0.303030303030303,4.2,3.3,Monday,114.0,98.0,16912.0,,
0,11-13,Toronto Raptors,Washington Wizards,230.5,8.0,-355,285,218,4,2,1,0.2816901408450704,0.3508771929824561,3.55,2.85,Monday,111.0,107.0,16912.0,,
0,11-13,Milwaukee Bucks,Chicago Bulls,230.5,9.5,-430,350,227,9,2,1,0.2325581395348837,0.2857142857142857,4.3,3.5,Monday,118.0,109.0,16912.0,,
0,11-13,Sacramento Kings,Cleveland Cavaliers,229.0,1.0,-116,-102,252,12,3,2,0.8620689655172414,0.9803921568627452,1.16,1.02,Monday,132.0,120.0,16912.0,,
0,11-14,Detroit Pistons,Atlanta Hawks,225.0,-4.5,160,-190,246,-6,2,3,0.625,0.5263157894736842,1.6,1.9,Tuesday,120.0,126.0,16912.0,,In-Season Tournament
0,11-14,Charlotte Hornets,Miami Heat,221.5,-6.5,210,-255,216,-6,2,2,0.4761904761904761,0.3921568627450981,2.1,2.55,Tuesday,105.0,111.0,16912.0,,In-Season Tournament
0,11-14,Philadelphia 76ers,Indiana Pacers,241.0,6.5,-255,210,258,-6,2,2,0.3921568627450981,0.4761904761904761,2.55,2.1,Tuesday,126.0,132.0,16912.0,,In-Season Tournament
0,11-14,Oklahoma City Thunder,San Antonio Spurs,237.0,10.0,-480,370,210,36,2,2,0.2083333333333333,0.2702702702702702,4.8,3.7000000000000006,Tuesday,123.0,87.0,16912.0,,In-Season Tournament
0,11-14,Brooklyn Nets,Orlando Magic,218.0,2.5,-142,120,228,20,2,3,0.7042253521126761,0.8333333333333334,1.42,1.2,Tuesday,124.0,104.0,16912.0,,In-Season Tournament
0,11-14,New Orleans Pelicans,Dallas Mavericks,239.5,-3.5,132,-156,241,21,2,2,0.7575757575757576,0.641025641025641,1.32,1.56,Tuesday,131.0,110.0,16912.0,,In-Season Tournament
0,11-14,Utah Jazz,Portland Trail Blazers,230.0,7.0,-270,220,214,16,4,2,0.3703703703703703,0.4545454545454545,2.7,2.2,Tuesday,115.0,99.0,16912.0,,In-Season Tournament
0,11-14,Denver Nuggets,Los Angeles Clippers,226.0,4.5,-178,150,219,3,2,2,0.5617977528089888,0.6666666666666666,1.7799999999999998,1.5,Tuesday,111.0,108.0,16912.0,,In-Season Tournament
0,11-14,Golden State Warriors,Minnesota Timberwolves,215.5,-3.5,134,-158,205,-3,2,2,0.7462686567164178,0.6329113924050632,1.34,1.58,Tuesday,101.0,104.0,16912.0,,In-Season Tournament
0,11-14,Los Angeles Lakers,Memphis Grizzlies,225.5,6.5,-255,210,241,27,2,2,0.3921568627450981,0.4761904761904761,2.55,2.1,Tuesday,134.0,107.0,16912.0,,In-Season Tournament
0,11-15,Washington Wizards,Dallas Mavericks,243.5,-3.5,138,-164,247,-13,2,1,0.7246376811594204,0.6097560975609756,1.38,1.64,Wednesday,117.0,130.0,16912.0,,
0,11-15,Philadelphia 76ers,Boston Celtics,228.5,-1.5,110,-140,224,-10,1,2,0.9090909090909092,0.7142857142857143,1.1,1.4,Wednesday,107.0,117.0,16912.0,,
0,11-15,Toronto Raptors,Milwaukee Bucks,224.5,-1.5,100,-118,240,-16,2,2,1.0,0.8474576271186441,1.0,1.18,Wednesday,112.0,128.0,16912.0,,
0,11-15,Atlanta Hawks,New York Knicks,229.0,1.5,-118,100,230,-2,1,2,0.8474576271186441,1.0,1.18,1.0,Wednesday,114.0,116.0,16912.0,,
0,11-15,Chicago Bulls,Orlando Magic,215.5,2.0,-132,112,190,-2,2,1,0.7575757575757576,0.8928571428571428,1.32,1.12,Wednesday,94.0,96.0,16912.0,,
0,11-15,Phoenix Suns,Minnesota Timberwolves,223.0,4.0,-180,152,248,18,3,1,0.5555555555555556,0.6578947368421053,1.7999999999999998,1.5199999999999998,Wednesday,133.0,115.0,16912.0,,
0,11-15,Los Angeles Lakers,Sacramento Kings,239.5,0.5,-111,-115,235,-15,1,2,0.9009009009009008,0.8695652173913044,1.11,1.15,Wednesday,110.0,125.0,16912.0,,
0,11-15,Portland Trail Blazers,Cleveland Cavaliers,217.5,-9.5,340,-430,204,-14,1,2,0.2941176470588235,0.2325581395348837,3.4,4.3,Wednesday,95.0,109.0,16912.0,,
0,11-16,Miami Heat,Brooklyn Nets,214.5,3.5,-168,142,237,7,2,2,0.5952380952380952,0.7042253521126761,1.68,1.42,Thursday,122.0,115.0,16912.0,,
0,11-16,Golden State Warriors,Oklahoma City Thunder,226.0,-3.5,138,-164,237,-19,2,2,0.7246376811594204,0.6097560975609756,1.38,1.64,Thursday,109.0,128.0,16912.0,,
0,11-17,Charlotte Hornets,Milwaukee Bucks,243.0,-8.0,290,-360,229,-31,3,2,0.3448275862068966,0.2777777777777778,2.9,3.6,Friday,99.0,130.0,16912.0,,In-Season Tournament
0,11-17,Washington Wizards,New York Knicks,225.5,-7.0,230,-280,219,-21,2,2,0.4347826086956522,0.3571428571428571,2.3,2.8,Friday,99.0,120.0,16912.0,,In-Season Tournament
0,11-17,Toronto Raptors,Boston Celtics,223.5,-6.5,210,-280,213,-3,2,2,0.4761904761904761,0.3571428571428571,2.1,2.8,Friday,105.0,108.0,16912.0,,In-Season Tournament
0,11-17,San Antonio Spurs,Sacramento Kings,240.5,-8.5,255,-350,249,-9,3,2,0.3921568627450981,0.2857142857142857,2.55,3.5,Friday,120.0,129.0,16912.0,,In-Season Tournament
0,11-17,Atlanta Hawks,Philadelphia 76ers,238.5,-1.5,108,-138,242,-10,2,2,0.9259259259259258,0.7246376811594204,1.08,1.38,Friday,116.0,126.0,16912.0,,In-Season Tournament
0,11-17,Cleveland Cavaliers,Detroit Pistons,221.5,9.5,-520,350,208,8,2,3,0.1923076923076923,0.2857142857142857,5.2,3.5,Friday,108.0,100.0,16912.0,,In-Season Tournament
0,11-17,Chicago Bulls,Orlando Magic,215.5,3.5,-168,142,200,-6,2,2,0.5952380952380952,0.7042253521126761,1.68,1.42,Friday,97.0,103.0,16912.0,,In-Season Tournament
0,11-17,New Orleans Pelicans,Denver Nuggets,226.5,-5.0,152,-180,225,5,3,3,0.6578947368421053,0.5555555555555556,1.5199999999999998,1.7999999999999998,Friday,115.0,110.0,16912.0,,In-Season Tournament
0,11-17,Portland Trail Blazers,Los Angeles Lakers,227.5,-13.5,560,-1000,202,-12,2,2,0.1785714285714285,0.1,5.6,10.0,Friday,95.0,107.0,16912.0,,In-Season Tournament
0,11-17,Utah Jazz,Phoenix Suns,247.5,-8.5,330,-480,259,-3,3,2,0.303030303030303,0.2083333333333333,3.3,4.8,Friday,128.0,131.0,16912.0,,In-Season Tournament
0,11-17,Los Angeles Clippers,Houston Rockets,221.5,9.5,-520,350,206,6,3,5,0.1923076923076923,0.2857142857142857,5.2,3.5,Friday,106.0,100.0,16912.0,,In-Season Tournament
0,11-18,Charlotte Hornets,New York Knicks,225.0,-6.5,215,-260,230,-14,1,1,0.4651162790697674,0.3846153846153846,2.15,2.6,Saturday,108.0,122.0,16912.0,,
0,11-18,New Orleans Pelicans,Minnesota Timberwolves,221.0,-7.5,240,-300,241,-1,1,3,0.4166666666666667,0.3333333333333333,2.4,3.0,Saturday,120.0,121.0,16912.0,,
0,11-18,Chicago Bulls,Miami Heat,212.0,-2.0,112,-132,199,5,1,2,0.8928571428571428,0.7575757575757576,1.12,1.32,Saturday,102.0,97.0,16912.0,,
0,11-18,San Antonio Spurs,Memphis Grizzlies,226.0,-3.5,136,-162,228,-12,1,4,0.7352941176470588,0.6172839506172839,1.36,1.62,Saturday,108.0,120.0,16912.0,,
0,11-18,Milwaukee Bucks,Dallas Mavericks,247.5,2.0,-130,110,257,7,1,3,0.7692307692307692,0.9090909090909092,1.3,1.1,Saturday,132.0,125.0,16912.0,,
0,11-18,Golden State Warriors,Oklahoma City Thunder,235.5,2.0,-134,114,253,-7,2,2,0.7462686567164178,0.8771929824561404,1.34,1.14,Saturday,123.0,130.0,16912.0,OT,
0,11-19,Brooklyn Nets,Philadelphia 76ers,224.0,-3.5,138,-164,220,-22,3,2,0.7246376811594204,0.6097560975609756,1.38,1.64,Sunday,99.0,121.0,16912.0,,
0,11-19,Toronto Raptors,Detroit Pistons,219.0,9.5,-450,350,255,29,2,2,0.2222222222222222,0.2857142857142857,4.5,3.5,Sunday,142.0,113.0,16912.0,,
0,11-19,Indiana Pacers,Orlando Magic,236.0,4.5,-186,156,244,-12,5,2,0.5376344086021505,0.641025641025641,1.86,1.56,Sunday,116.0,128.0,16912.0,,
0,11-19,Cleveland Cavaliers,Denver Nuggets,215.5,-4.5,162,-194,230,12,2,2,0.6172839506172839,0.5154639175257733,1.62,1.94,Sunday,121.0,109.0,16912.0,,
0,11-19,Dallas Mavericks,Sacramento Kings,247.0,1.5,-120,102,242,-16,1,2,0.8333333333333334,0.9803921568627452,1.2,1.02,Sunday,113.0,129.0,16912.0,,
0,11-19,Memphis Grizzlies,Boston Celtics,221.5,-12.0,460,-620,202,-2,1,2,0.2173913043478261,0.1612903225806451,4.6,6.2,Sunday,100.0,102.0,16912.0,,
0,11-19,Utah Jazz,Phoenix Suns,239.0,-5.0,162,-194,277,-3,2,2,0.6172839506172839,0.5154639175257733,1.62,1.94,Sunday,137.0,140.0,16912.0,2OT,
0,11-19,Portland Trail Blazers,Oklahoma City Thunder,223.5,-6.5,210,-255,225,-43,2,1,0.4761904761904761,0.3921568627450981,2.1,2.55,Sunday,91.0,134.0,16912.0,,
0,11-19,Los Angeles Lakers,Houston Rockets,221.5,6.5,-235,194,209,1,2,2,0.425531914893617,0.5154639175257733,2.35,1.94,Sunday,105.0,104.0,16912.0,,
0,11-20,Charlotte Hornets,Boston Celtics,234.5,-8.5,275,-335,239,3,2,1,0.3636363636363636,0.2985074626865671,2.75,3.35,Monday,121.0,118.0,16912.0,OT,
0,11-20,Washington Wizards,Milwaukee Bucks,246.0,-10.0,360,-460,271,-13,3,2,0.2777777777777778,0.2173913043478261,3.6,4.6,Monday,129.0,142.0,16912.0,,
0,11-20,Detroit Pistons,Denver Nuggets,225.5,-9.5,360,-460,210,-4,1,1,0.2777777777777778,0.2173913043478261,3.6,4.6,Monday,103.0,107.0,16912.0,,
0,11-20,Minnesota Timberwolves,New York Knicks,214.5,2.5,-136,116,217,17,2,2,0.7352941176470588,0.8620689655172414,1.36,1.16,Monday,117.0,100.0,16912.0,,
0,11-20,Chicago Bulls,Miami Heat,209.5,-1.5,102,-120,218,-18,2,2,0.9803921568627452,0.8333333333333334,1.02,1.2,Monday,100.0,118.0,16912.0,,
0,11-20,New Orleans Pelicans,Sacramento Kings,237.0,-1.5,104,-122,222,36,2,1,0.9615384615384616,0.819672131147541,1.04,1.22,Monday,129.0,93.0,16912.0,,
0,11-20,San Antonio Spurs,Los Angeles Clippers,230.5,-8.5,310,-390,223,-25,2,3,0.3225806451612903,0.2564102564102564,3.1,3.9,Monday,99.0,124.0,16912.0,,
0,11-20,Golden State Warriors,Houston Rockets,220.5,7.5,-295,240,237,5,2,1,0.3389830508474576,0.4166666666666667,2.95,2.4,Monday,121.0,116.0,16912.0,,
0,11-21,Orlando Magic,Toronto Raptors,215.5,1.5,-118,100,233,19,2,2,0.8474576271186441,1.0,1.18,1.0,Tuesday,126.0,107.0,16912.0,,In-Season Tournament
0,11-21,Atlanta Hawks,Indiana Pacers,252.5,3.5,-164,138,309,-5,4,2,0.6097560975609756,0.7246376811594204,1.64,1.38,Tuesday,152.0,157.0,16912.0,,In-Season Tournament
0,11-21,Philadelphia 76ers,Cleveland Cavaliers,218.5,8.0,-340,275,241,-3,2,2,0.2941176470588235,0.3636363636363636,3.4,2.75,Tuesday,119.0,122.0,16912.0,OT,In-Season Tournament
0,11-21,Phoenix Suns,Portland Trail Blazers,223.5,12.5,-800,560,227,13,2,2,0.125,0.1785714285714285,8.0,5.6,Tuesday,120.0,107.0,16912.0,,In-Season Tournament
0,11-21,Los Angeles Lakers,Utah Jazz,239.5,7.5,-320,260,230,32,2,2,0.3125,0.3846153846153846,3.2,2.6,Tuesday,131.0,99.0,16912.0,,In-Season Tournament
0,11-22,Charlotte Hornets,Washington Wizards,240.5,3.5,-162,136,231,3,2,2,0.6172839506172839,0.7352941176470588,1.62,1.36,Wednesday,117.0,114.0,16912.0,,
0,11-22,Orlando Magic,Denver Nuggets,219.0,-3.0,130,-154,243,5,1,2,0.7692307692307692,0.6493506493506493,1.3,1.54,Wednesday,124.0,119.0,16912.0,,
0,11-22,Cleveland Cavaliers,Miami Heat,213.0,1.5,-120,102,225,-33,1,2,0.8333333333333334,0.9803921568627452,1.2,1.02,Wednesday,96.0,129.0,16912.0,,
0,11-22,Boston Celtics,Milwaukee Bucks,236.5,6.0,-245,200,235,3,2,2,0.4081632653061224,0.5,2.45,2.0,Wednesday,119.0,116.0,16912.0,,
0,11-22,Indiana Pacers,Toronto Raptors,242.0,2.5,-148,126,263,-1,1,1,0.6756756756756757,0.7936507936507936,1.48,1.26,Wednesday,131.0,132.0,16912.0,,
0,11-22,Atlanta Hawks,Brooklyn Nets,236.0,3.5,-162,136,292,2,1,3,0.6172839506172839,0.7352941176470588,1.62,1.36,Wednesday,147.0,145.0,16912.0,OT,
0,11-22,Oklahoma City Thunder,Chicago Bulls,223.0,8.0,-310,250,218,14,3,2,0.3225806451612903,0.4,3.1,2.5,Wednesday,116.0,102.0,16912.0,,
0,11-22,New Orleans Pelicans,Sacramento Kings,235.0,-1.5,104,-122,229,5,2,2,0.9615384615384616,0.819672131147541,1.04,1.22,Wednesday,117.0,112.0,16912.0,,
0,11-22,Houston Rockets,Memphis Grizzlies,213.0,5.0,-205,172,202,20,2,3,0.4878048780487805,0.5813953488372093,2.05,1.72,Wednesday,111.0,91.0,16912.0,,
0,11-22,San Antonio Spurs,Los Angeles Clippers,231.0,-8.0,265,-330,211,-7,2,2,0.3773584905660377,0.303030303030303,2.65,3.3,Wednesday,102.0,109.0,16912.0,,
0,11-22,Minnesota Timberwolves,Philadelphia 76ers,221.0,7.0,-270,220,211,13,2,1,0.3703703703703703,0.4545454545454545,2.7,2.2,Wednesday,112.0,99.0,16912.0,,
0,11-22,Portland Trail Blazers,Utah Jazz,228.0,-3.5,136,-162,226,16,1,1,0.7352941176470588,0.6172839506172839,1.36,1.62,Wednesday,121.0,105.0,16912.0,,
0,11-22,Phoenix Suns,Golden State Warriors,233.5,2.5,-142,120,238,8,1,2,0.7042253521126761,0.8333333333333334,1.42,1.2,Wednesday,123.0,115.0,16912.0,,
0,11-22,Los Angeles Lakers,Dallas Mavericks,244.0,-1.0,-102,-116,205,-3,1,3,0.9803921568627452,0.8620689655172414,1.02,1.16,Wednesday,101.0,104.0,16912.0,,
0,11-24,Orlando Magic,Boston Celtics,221.0,-5.0,172,-205,209,17,2,2,0.5813953488372093,0.4878048780487805,1.72,2.05,Friday,113.0,96.0,16912.0,,In-Season Tournament
0,11-24,Memphis Grizzlies,Phoenix Suns,220.5,-3.5,140,-166,199,-21,2,2,0.7142857142857143,0.6024096385542169,1.4,1.66,Friday,89.0,110.0,16912.0,,In-Season Tournament
0,11-24,Toronto Raptors,Chicago Bulls,218.0,5.0,-188,158,229,13,2,2,0.5319148936170213,0.6329113924050632,1.88,1.58,Friday,121.0,108.0,16912.0,,In-Season Tournament
0,11-24,New York Knicks,Miami Heat,209.5,5.5,-295,220,198,2,4,2,0.3389830508474576,0.4545454545454545,2.95,2.2,Friday,100.0,98.0,16912.0,,In-Season Tournament
0,11-24,Indiana Pacers,Detroit Pistons,247.0,9.5,-430,340,249,23,2,4,0.2325581395348837,0.2941176470588235,4.3,3.4,Friday,136.0,113.0,16912.0,,In-Season Tournament
0,11-24,Minnesota Timberwolves,Sacramento Kings,230.5,4.5,-190,160,235,-13,2,2,0.5263157894736842,0.625,1.9,1.6,Friday,111.0,124.0,16912.0,,In-Season Tournament
0,11-24,Milwaukee Bucks,Washington Wizards,248.0,13.5,-900,610,259,3,2,2,0.1111111111111111,0.1639344262295082,9.0,6.1,Friday,131.0,128.0,16912.0,,In-Season Tournament
0,11-24,Houston Rockets,Denver Nuggets,216.5,-3.0,124,-146,191,19,2,2,0.8064516129032259,0.684931506849315,1.24,1.4600000000000002,Friday,105.0,86.0,16912.0,,In-Season Tournament
0,11-24,Golden State Warriors,San Antonio Spurs,236.5,10.0,-450,350,230,6,2,2,0.2222222222222222,0.2857142857142857,4.5,3.5,Friday,118.0,112.0,16912.0,,In-Season Tournament
0,11-24,Los Angeles Clippers,New Orleans Pelicans,228.0,5.5,-215,180,222,-10,2,2,0.4651162790697674,0.5555555555555556,2.15,1.7999999999999998,Friday,106.0,116.0,16912.0,,In-Season Tournament
0,11-25,Oklahoma City Thunder,Philadelphia 76ers,230.5,-1.0,100,-118,250,-4,3,3,1.0,0.8474576271186441,1.0,1.18,Saturday,123.0,127.0,16912.0,,
0,11-25,Brooklyn Nets,Miami Heat,217.0,7.5,-300,245,209,15,3,1,0.3333333333333333,0.4081632653061224,3.0,2.45,Saturday,112.0,97.0,16912.0,,
0,11-25,Washington Wizards,Atlanta Hawks,248.5,-10.0,340,-430,244,-28,1,3,0.2941176470588235,0.2325581395348837,3.4,4.3,Saturday,108.0,136.0,16912.0,,
0,11-25,Cleveland Cavaliers,Los Angeles Lakers,228.0,4.0,-168,142,236,-6,3,3,0.5952380952380952,0.7042253521126761,1.68,1.42,Saturday,115.0,121.0,16912.0,,
0,11-25,Utah Jazz,New Orleans Pelicans,227.5,-3.5,130,-154,205,5,3,1,0.7692307692307692,0.6493506493506493,1.3,1.54,Saturday,105.0,100.0,16912.0,,
0,11-25,Los Angeles Clippers,Dallas Mavericks,237.0,1.0,-116,-102,195,19,1,3,0.8620689655172414,0.9803921568627452,1.16,1.02,Saturday,107.0,88.0,16912.0,,
0,11-26,Milwaukee Bucks,Portland Trail Blazers,231.5,13.0,-900,610,210,6,2,4,0.1111111111111111,0.1639344262295082,9.0,6.1,Sunday,108.0,102.0,16912.0,,
0,11-26,Boston Celtics,Atlanta Hawks,236.0,7.5,-310,250,216,10,2,1,0.3225806451612903,0.4,3.1,2.5,Sunday,113.0,103.0,16912.0,,
0,11-26,Orlando Magic,Charlotte Hornets,228.5,6.5,-245,205,247,13,2,4,0.4081632653061224,0.4878048780487805,2.45,2.05,Sunday,130.0,117.0,16912.0,,
0,11-26,New York Knicks,Phoenix Suns,218.5,6.5,-240,194,229,-3,2,2,0.4166666666666667,0.5154639175257733,2.4,1.94,Sunday,113.0,116.0,16912.0,,
0,11-26,Memphis Grizzlies,Minnesota Timberwolves,217.5,-6.5,200,-245,216,-22,2,2,0.5,0.4081632653061224,2.0,2.45,Sunday,97.0,119.0,16912.0,,
0,11-26,Cleveland Cavaliers,Toronto Raptors,222.5,3.0,-156,132,207,3,1,2,0.641025641025641,0.7575757575757576,1.56,1.32,Sunday,105.0,102.0,16912.0,,
0,11-26,Brooklyn Nets,Chicago Bulls,221.5,3.0,-148,126,227,9,1,2,0.6756756756756757,0.7936507936507936,1.48,1.26,Sunday,118.0,109.0,16912.0,,
0,11-26,Denver Nuggets,San Antonio Spurs,229.5,10.5,-520,400,252,12,2,2,0.1923076923076923,0.25,5.2,4.0,Sunday,132.0,120.0,16912.0,,
0,11-27,Detroit Pistons,Washington Wizards,236.5,2.0,-136,116,233,-19,3,2,0.7352941176470588,0.8620689655172414,1.36,1.16,Monday,107.0,126.0,16912.0,,
0,11-27,Indiana Pacers,Portland Trail Blazers,240.5,12.0,-670,490,224,-4,3,1,0.1492537313432835,0.2040816326530612,6.7,4.9,Monday,110.0,114.0,16912.0,,
0,11-27,Philadelphia 76ers,Los Angeles Lakers,230.5,6.0,-230,190,232,44,2,2,0.4347826086956522,0.5263157894736842,2.3,1.9,Monday,138.0,94.0,16912.0,,
0,11-27,Utah Jazz,New Orleans Pelicans,232.0,-6.5,215,-260,226,2,2,2,0.4651162790697674,0.3846153846153846,2.15,2.6,Monday,114.0,112.0,16912.0,,
0,11-27,Los Angeles Clippers,Denver Nuggets,217.5,11.5,-560,420,217,-9,2,1,0.1785714285714285,0.238095238095238,5.6,4.2,Monday,104.0,113.0,16912.0,,
0,11-28,Boston Celtics,Chicago Bulls,219.0,12.5,-770,540,221,27,2,2,0.1298701298701298,0.1851851851851851,7.700000000000001,5.4,Tuesday,124.0,97.0,16912.0,,In-Season Tournament
0,11-28,Brooklyn Nets,Toronto Raptors,223.5,1.5,-124,106,218,12,2,2,0.8064516129032259,0.9433962264150942,1.24,1.06,Tuesday,115.0,103.0,16912.0,,In-Season Tournament
0,11-28,New York Knicks,Charlotte Hornets,220.0,11.5,-590,430,206,24,2,2,0.1694915254237288,0.2325581395348837,5.9,4.3,Tuesday,115.0,91.0,16912.0,,In-Season Tournament
0,11-28,Cleveland Cavaliers,Atlanta Hawks,238.5,4.0,-180,152,233,23,2,2,0.5555555555555556,0.6578947368421053,1.7999999999999998,1.5199999999999998,Tuesday,128.0,105.0,16912.0,,In-Season Tournament
0,11-28,Miami Heat,Milwaukee Bucks,230.5,-4.5,154,-184,255,-7,3,2,0.6493506493506493,0.5434782608695652,1.54,1.84,Tuesday,124.0,131.0,16912.0,,In-Season Tournament
0,11-28,Minnesota Timberwolves,Oklahoma City Thunder,228.5,3.0,-142,120,209,3,2,3,0.7042253521126761,0.8333333333333334,1.42,1.2,Tuesday,106.0,103.0,16912.0,,In-Season Tournament
0,11-28,Dallas Mavericks,Houston Rockets,227.5,4.0,-184,154,236,6,3,4,0.5434782608695652,0.6493506493506493,1.84,1.54,Tuesday,121.0,115.0,16912.0,,In-Season Tournament
0,11-28,Sacramento Kings,Golden State Warriors,237.5,2.0,-134,114,247,1,4,4,0.7462686567164178,0.8771929824561404,1.34,1.14,Tuesday,124.0,123.0,16912.0,,In-Season Tournament
0,11-29,Detroit Pistons,Los Angeles Lakers,229.0,-7.5,245,-300,240,-26,2,2,0.4081632653061224,0.3333333333333333,2.45,3.0,Wednesday,107.0,133.0,16912.0,,
0,11-29,Orlando Magic,Washington Wizards,235.5,10.0,-460,360,259,19,3,2,0.2173913043478261,0.2777777777777778,4.6,3.6,Wednesday,139.0,120.0,16912.0,,
0,11-29,Toronto Raptors,Phoenix Suns,225.5,0.5,-115,-111,217,7,1,3,0.8695652173913044,0.9009009009009008,1.15,1.11,Wednesday,112.0,105.0,16912.0,,
0,11-29,Memphis Grizzlies,Utah Jazz,223.5,2.5,-118,-108,196,14,3,2,0.8474576271186441,0.9259259259259258,1.18,1.08,Wednesday,105.0,91.0,16912.0,,
0,11-29,New Orleans Pelicans,Philadelphia 76ers,232.5,9.5,-500,340,238,10,2,2,0.2,0.2941176470588235,5.0,3.4,Wednesday,124.0,114.0,16912.0,,
0,11-29,Denver Nuggets,Houston Rockets,227.5,18.5,-4500,1200,258,10,2,1,0.0222222222222222,0.0833333333333333,45.0,12.0,Wednesday,134.0,124.0,16912.0,,
0,11-29,Sacramento Kings,Los Angeles Clippers,230.5,-1.5,-118,-108,248,-14,1,2,0.8474576271186441,0.9259259259259258,1.18,1.08,Wednesday,117.0,131.0,16912.0,,
0,11-30,Cleveland Cavaliers,Portland Trail Blazers,218.5,12.5,-620,460,198,-8,2,3,0.1612903225806451,0.2173913043478261,6.2,4.6,Thursday,95.0,103.0,16912.0,,
0,11-30,Brooklyn Nets,Charlotte Hornets,223.0,9.0,-375,300,257,-1,2,2,0.2666666666666666,0.3333333333333333,3.75,3.0,Thursday,128.0,129.0,16912.0,,
0,11-30,New York Knicks,Detroit Pistons,218.5,14.5,-1100,700,230,6,2,1,0.0909090909090909,0.1428571428571428,11.0,7.0,Thursday,118.0,112.0,16912.0,,
0,11-30,Miami Heat,Indiana Pacers,237.5,3.5,-164,138,274,10,2,3,0.6097560975609756,0.7246376811594204,1.64,1.38,Thursday,142.0,132.0,16912.0,,
0,11-30,Oklahoma City Thunder,Los Angeles Lakers,234.5,5.0,-198,164,243,23,2,1,0.5050505050505051,0.6097560975609756,1.98,1.64,Thursday,133.0,110.0,16912.0,,
0,11-30,San Antonio Spurs,Atlanta Hawks,246.0,-6.5,215,-260,272,-2,4,2,0.4651162790697674,0.3846153846153846,2.15,2.6,Thursday,135.0,137.0,16912.0,,
0,11-30,Minnesota Timberwolves,Utah Jazz,219.5,11.5,-590,440,191,11,2,1,0.1694915254237288,0.2272727272727272,5.9,4.4,Thursday,101.0,90.0,16912.0,,
0,11-30,Chicago Bulls,Milwaukee Bucks,226.0,-10.5,420,-560,233,7,2,2,0.238095238095238,0.1785714285714285,4.2,5.6,Thursday,120.0,113.0,16912.0,OT,
0,11-30,Golden State Warriors,Los Angeles Clippers,230.5,2.0,-126,108,234,6,2,1,0.7936507936507936,0.9259259259259258,1.26,1.08,Thursday,120.0,114.0,16912.0,,
0,12-01,Orlando Magic,Washington Wizards,236.0,10.5,-510,390,255,5,2,2,0.196078431372549,0.2564102564102564,5.1,3.9,Friday,130.0,125.0,18846.0,,
0,12-01,Boston Celtics,Philadelphia 76ers,217.5,11.5,-850,500,244,6,3,2,0.1176470588235294,0.2,8.5,5.0,Friday,125.0,119.0,18846.0,,
0,12-01,Toronto Raptors,New York Knicks,218.5,1.5,-126,108,225,-13,2,1,0.7936507936507936,0.9259259259259258,1.26,1.08,Friday,106.0,119.0,18846.0,,
0,12-01,Dallas Mavericks,Memphis Grizzlies,224.5,6.0,-240,198,202,-14,3,2,0.4166666666666667,0.5050505050505051,2.4,1.98,Friday,94.0,108.0,18846.0,,
0,12-01,New Orleans Pelicans,San Antonio Spurs,238.5,13.0,-750,530,227,15,2,1,0.1333333333333333,0.1886792452830188,7.5,5.3,Friday,121.0,106.0,18846.0,,
0,12-01,Phoenix Suns,Denver Nuggets,226.5,-0.5,112,-142,230,-8,2,2,0.8928571428571428,0.7042253521126761,1.12,1.42,Friday,111.0,119.0,18846.0,,
0,12-02,Los Angeles Clippers,Golden State Warriors,229.5,5.5,-220,184,225,1,2,2,0.4545454545454545,0.5434782608695652,2.2,1.84,Saturday,113.0,112.0,18846.0,,
0,12-02,Charlotte Hornets,Minnesota Timberwolves,219.5,-5.5,176,-210,240,-6,2,2,0.5681818181818182,0.4761904761904761,1.7599999999999998,2.1,Saturday,117.0,123.0,18846.0,,
0,12-02,Detroit Pistons,Cleveland Cavaliers,225.0,-8.5,290,-360,211,-9,2,2,0.3448275862068966,0.2777777777777778,2.9,3.6,Saturday,101.0,110.0,18846.0,,
0,12-02,Brooklyn Nets,Orlando Magic,225.5,2.5,-134,114,230,28,2,1,0.7462686567164178,0.8771929824561404,1.34,1.14,Saturday,129.0,101.0,18846.0,,
0,12-02,Miami Heat,Indiana Pacers,237.0,4.5,-200,166,273,-15,2,2,0.5,0.6024096385542169,2.0,1.66,Saturday,129.0,144.0,18846.0,,
0,12-02,Chicago Bulls,New Orleans Pelicans,219.0,-1.5,100,-118,242,6,2,1,1.0,0.8474576271186441,1.0,1.18,Saturday,124.0,118.0,18846.0,,
0,12-02,Milwaukee Bucks,Atlanta Hawks,251.5,6.5,-260,215,253,11,2,2,0.3846153846153846,0.4651162790697674,2.6,2.15,Saturday,132.0,121.0,18846.0,,
0,12-02,Dallas Mavericks,Oklahoma City Thunder,234.5,-5.5,180,-220,246,-6,1,2,0.5555555555555556,0.4545454545454545,1.7999999999999998,2.2,Saturday,120.0,126.0,18846.0,,
0,12-02,Phoenix Suns,Memphis Grizzlies,220.0,10.0,-490,380,225,7,1,1,0.2040816326530612,0.2631578947368421,4.9,3.8,Saturday,116.0,109.0,18846.0,,
0,12-02,Utah Jazz,Portland Trail Blazers,217.5,1.5,-120,102,231,5,2,2,0.8333333333333334,0.9803921568627452,1.2,1.02,Saturday,118.0,113.0,18846.0,OT,
0,12-02,Sacramento Kings,Denver Nuggets,235.0,3.5,-154,130,240,6,3,1,0.6493506493506493,0.7692307692307692,1.54,1.3,Saturday,123.0,117.0,18846.0,,
0,12-02,Los Angeles Lakers,Houston Rockets,226.5,4.5,-194,162,204,10,2,3,0.5154639175257733,0.6172839506172839,1.94,1.62,Saturday,107.0,97.0,18846.0,,
0,12-04,Indiana Pacers,Boston Celtics,244.5,-4.5,166,-198,234,10,2,3,0.6024096385542169,0.5050505050505051,1.66,1.98,Monday,122.0,112.0,18846.0,,In-Season Tournament
0,12-04,Sacramento Kings,New Orleans Pelicans,237.0,3.5,-166,140,244,-10,2,2,0.6024096385542169,0.7142857142857143,1.66,1.4,Monday,117.0,127.0,18846.0,,In-Season Tournament
0,12-05,Milwaukee Bucks,New York Knicks,229.5,4.5,-184,154,268,24,3,4,0.5434782608695652,0.6493506493506493,1.84,1.54,Tuesday,146.0,122.0,18846.0,,In-Season Tournament
0,12-05,Los Angeles Lakers,Phoenix Suns,230.5,1.5,-150,118,209,3,3,3,0.6666666666666666,0.8474576271186441,1.5,1.18,Tuesday,106.0,103.0,18846.0,,In-Season Tournament
0,12-06,Detroit Pistons,Memphis Grizzlies,216.5,-0.5,-106,-120,218,-14,4,4,0.9433962264150942,0.8333333333333334,1.06,1.2,Wednesday,102.0,116.0,18846.0,,
0,12-06,Cleveland Cavaliers,Orlando Magic,225.0,4.0,-164,138,232,10,4,4,0.6097560975609756,0.7246376811594204,1.64,1.38,Wednesday,121.0,111.0,18846.0,,
0,12-06,Washington Wizards,Philadelphia 76ers,234.5,-8.5,260,-360,257,-5,5,5,0.3846153846153846,0.2777777777777778,2.6,3.6,Wednesday,126.0,131.0,18846.0,,
0,12-06,Toronto Raptors,Miami Heat,219.5,4.0,-176,148,215,-9,5,4,0.5681818181818182,0.6756756756756757,1.7599999999999998,1.48,Wednesday,103.0,112.0,18846.0,,
0,12-06,Minnesota Timberwolves,San Antonio Spurs,231.0,12.0,-700,500,196,8,4,5,0.1428571428571428,0.2,7.0,5.0,Wednesday,102.0,94.0,18846.0,,
0,12-06,Atlanta Hawks,Brooklyn Nets,242.5,3.5,-158,134,227,-1,4,4,0.6329113924050632,0.7462686567164178,1.58,1.34,Wednesday,113.0,114.0,18846.0,,
0,12-06,Houston Rockets,Oklahoma City Thunder,224.5,-1.5,108,-126,211,9,4,4,0.9259259259259258,0.7936507936507936,1.08,1.26,Wednesday,110.0,101.0,18846.0,,
0,12-06,Chicago Bulls,Charlotte Hornets,220.0,5.0,-235,180,211,11,4,4,0.425531914893617,0.5555555555555556,2.35,1.7999999999999998,Wednesday,111.0,100.0,18846.0,,
0,12-06,Dallas Mavericks,Utah Jazz,238.5,14.5,-1800,800,244,50,4,4,0.0555555555555555,0.125,18.0,8.0,Wednesday,147.0,97.0,18846.0,,
0,12-06,Los Angeles Clippers,Denver Nuggets,230.0,1.0,-116,-102,213,9,4,4,0.8620689655172414,0.9803921568627452,1.16,1.02,Wednesday,111.0,102.0,18846.0,,
0,12-06,Golden State Warriors,Portland Trail Blazers,225.5,13.0,-750,530,216,4,4,4,0.1333333333333333,0.1886792452830188,7.5,5.3,Wednesday,110.0,106.0,18846.0,,
0,12-07,Milwaukee Bucks,Indiana Pacers,257.0,5.0,-200,168,247,-9,2,3,0.5,0.5952380952380952,2.0,1.68,Thursday,119.0,128.0,18846.0,,In-Season Tournament
0,12-07,Los Angeles Lakers,New Orleans Pelicans,229.5,2.0,-130,110,222,44,2,3,0.7692307692307692,0.9090909090909092,1.3,1.1,Thursday,133.0,89.0,18846.0,,In-Season Tournament
0,12-08,Philadelphia 76ers,Atlanta Hawks,235.0,8.5,-370,295,239,11,2,2,0.2702702702702702,0.3389830508474576,3.7000000000000006,2.95,Friday,125.0,114.0,18846.0,,
0,12-08,Charlotte Hornets,Toronto Raptors,222.5,-5.5,180,-215,235,3,2,2,0.5555555555555556,0.4651162790697674,1.7999999999999998,2.15,Friday,119.0,116.0,18846.0,,
0,12-08,Orlando Magic,Detroit Pistons,229.5,10.5,-500,385,214,32,2,2,0.2,0.2597402597402597,5.0,3.850000000000001,Friday,123.0,91.0,18846.0,,
0,12-08,Boston Celtics,New York Knicks,220.5,7.5,-310,250,256,10,4,3,0.3225806451612903,0.4,3.1,2.5,Friday,133.0,123.0,18846.0,,
0,12-08,Brooklyn Nets,Washington Wizards,239.5,9.5,-405,320,221,27,2,2,0.2469135802469136,0.3125,4.05,3.2,Friday,124.0,97.0,18846.0,,
0,12-08,Memphis Grizzlies,Minnesota Timberwolves,213.5,-5.5,180,-215,230,-24,2,2,0.5555555555555556,0.4651162790697674,1.7999999999999998,2.15,Friday,103.0,127.0,18846.0,,
0,12-08,Miami Heat,Cleveland Cavaliers,223.0,-1.5,106,-124,210,-12,2,2,0.9433962264150942,0.8064516129032259,1.06,1.24,Friday,99.0,111.0,18846.0,,
0,12-08,Oklahoma City Thunder,Golden State Warriors,236.0,3.0,-154,130,274,2,2,2,0.6493506493506493,0.7692307692307692,1.54,1.3,Friday,138.0,136.0,18846.0,OT,
0,12-08,San Antonio Spurs,Chicago Bulls,224.0,-2.5,108,-126,233,-9,2,2,0.9259259259259258,0.7936507936507936,1.08,1.26,Friday,112.0,121.0,18846.0,,
0,12-08,Phoenix Suns,Sacramento Kings,235.5,-3.0,130,-154,220,-8,3,4,0.7692307692307692,0.6493506493506493,1.3,1.54,Friday,106.0,114.0,18846.0,,
0,12-08,Denver Nuggets,Houston Rockets,221.0,9.0,-390,310,220,-8,2,2,0.2564102564102564,0.3225806451612903,3.9,3.1,Friday,106.0,114.0,18846.0,,
0,12-08,Portland Trail Blazers,Dallas Mavericks,233.5,-9.5,360,-460,237,-13,2,2,0.2777777777777778,0.2173913043478261,3.6,4.6,Friday,112.0,125.0,18846.0,,
0,12-08,Utah Jazz,Los Angeles Clippers,225.0,-8.0,260,-320,220,-14,2,2,0.3846153846153846,0.3125,2.6,3.2,Friday,103.0,117.0,18846.0,,
